date,price,market_cap,volume,fear_greed,price_5_SMA,price_10_SMA,price_25_SMA,price_50_SMA,price_75_SMA,price_100_SMA,price_150_SMA,price_200_SMA,price_250_SMA,price_300_SMA,price_350_SMA,fear_greed_3_SMA,fear_greed_5_SMA,fear_greed_7_SMA,fear_greed_9_SMA,fear_greed_11_SMA,fear_greed_13_SMA,fear_greed_15_SMA,fear_greed_30_SMA,signal
2020-09-22,1.000000,1.000000,1.000000,0.390000,1.000000,1.000000,1.000000,1.000000,1.000000,1.000000,1.000000,1.000000,1.000000,1.000000,1.000000,0.000000,0.000000,0.000000,0.000000,0.000000,0.000000,0.000000,0.000000,2.000000
2020-09-23,1.000000,1.000000,1.000000,0.430000,0.000000,0.000000,0.000000,0.000000,0.000000,0.000000,0.000000,0.000000,0.000000,0.000000,0.000000,0.000000,0.000000,0.000000,0.000000,0.000000,0.000000,0.000000,0.000000,2.000000
2020-09-24,0.000000,0.000000,0.000000,0.390000,0.000000,0.000000,0.000000,0.000000,0.000000,0.000000,0.000000,0.000000,0.000000,0.000000,0.000000,0.000000,0.000000,0.000000,0.000000,0.000000,0.000000,0.000000,0.000000,0.000000
2020-09-25,0.620371,0.700581,0.000000,0.460000,0.000000,0.000000,0.000000,0.000000,0.000000,0.000000,0.000000,0.000000,0.000000,0.000000,0.000000,0.426667,0.000000,0.000000,0.000000,0.000000,0.000000,0.000000,0.000000,1.000000
2020-09-26,0.692639,0.785704,0.000000,0.450000,0.000000,0.000000,0.000000,0.000000,0.000000,0.000000,0.000000,0.000000,0.000000,0.000000,0.000000,0.433333,0.000000,0.000000,0.000000,0.000000,0.000000,0.000000,0.000000,1.000000
2020-09-27,0.591460,0.672694,0.000000,0.470000,1.000000,0.000000,0.000000,0.000000,0.000000,0.000000,0.000000,0.000000,0.000000,0.000000,0.000000,0.460000,0.440000,0.000000,0.000000,0.000000,0.000000,0.000000,0.000000,1.000000
2020-09-28,0.664196,0.759682,0.000000,0.430000,0.973736,0.000000,0.000000,0.000000,0.000000,0.000000,0.000000,0.000000,0.000000,0.000000,0.000000,0.450000,0.440000,0.000000,0.000000,0.000000,0.000000,0.000000,0.000000,1.000000
2020-09-29,0.398453,0.423630,0.000000,0.450000,1.000000,0.000000,0.000000,0.000000,0.000000,0.000000,0.000000,0.000000,0.000000,0.000000,0.000000,0.450000,0.452000,0.440000,0.000000,0.000000,0.000000,0.000000,0.000000,1.000000
2020-09-30,0.346914,0.382055,0.000000,0.490000,0.978716,0.000000,0.000000,0.000000,0.000000,0.000000,0.000000,0.000000,0.000000,0.000000,0.000000,0.456667,0.458000,0.448571,0.000000,0.000000,0.000000,0.000000,0.000000,1.000000
2020-10-01,0.450959,0.501861,0.001269,0.450000,0.959906,0.000000,0.000000,0.000000,0.000000,0.000000,0.000000,0.000000,0.000000,0.000000,0.000000,0.463333,0.458000,0.457143,0.446667,0.000000,0.000000,0.000000,0.000000,1.000000
2020-10-02,0.350946,0.383345,0.020467,0.410000,0.941186,1.000000,0.000000,0.000000,0.000000,0.000000,0.000000,0.000000,0.000000,0.000000,0.000000,0.450000,0.446000,0.450000,0.444444,0.000000,0.000000,0.000000,0.000000,1.000000
2020-10-03,0.317291,0.345216,0.001001,0.415000,0.914186,0.972558,0.000000,0.000000,0.000000,0.000000,0.000000,0.000000,0.000000,0.000000,0.000000,0.425000,0.443000,0.445000,0.447222,0.440455,0.000000,0.000000,0.000000,1.000000
2020-10-04,0.283635,0.307086,0.000000,0.420000,0.905249,0.983959,0.000000,0.000000,0.000000,0.000000,0.000000,0.000000,0.000000,0.000000,0.000000,0.415000,0.437000,0.437857,0.442778,0.439545,0.000000,0.000000,0.000000,1.000000
2020-10-05,0.286587,0.310813,0.000000,0.423438,0.900554,0.970542,0.000000,0.000000,0.000000,0.000000,0.000000,0.000000,0.000000,0.000000,0.000000,0.419479,0.423687,0.436920,0.439826,0.442585,0.437572,0.000000,0.000000,1.000000
2020-10-06,0.289538,0.314540,0.000000,0.426875,0.887990,0.954339,0.000000,0.000000,0.000000,0.000000,0.000000,0.000000,0.000000,0.000000,0.000000,0.423438,0.419063,0.433616,0.435035,0.439574,0.437332,0.000000,0.000000,1.000000
2020-10-07,0.295441,0.321994,0.000000,0.433750,0.883670,0.942440,0.000000,0.000000,0.000000,0.000000,0.000000,0.000000,0.000000,0.000000,0.000000,0.428021,0.423813,0.425580,0.435451,0.438097,0.440697,0.436604,0.000000,1.000000
2020-10-08,0.307246,0.336902,0.000000,0.447500,0.882888,0.928092,0.000000,0.000000,0.000000,0.000000,0.000000,0.000000,0.000000,0.000000,0.000000,0.436042,0.430312,0.425223,0.435174,0.436051,0.439736,0.437771,0.000000,1.000000
2020-10-09,0.330856,0.366718,0.000000,0.475000,0.886564,0.925375,0.000000,0.000000,0.000000,0.000000,0.000000,0.000000,0.000000,0.000000,0.000000,0.452083,0.441312,0.434509,0.433507,0.440142,0.441659,0.443437,0.000000,1.000000
2020-10-10,0.378077,0.426350,0.000000,0.530000,0.893685,0.926628,0.000000,0.000000,0.000000,0.000000,0.000000,0.000000,0.000000,0.000000,0.000000,0.484167,0.462625,0.450937,0.442396,0.447415,0.446274,0.448104,0.000000,1.000000
2020-10-11,0.257642,0.274075,0.003195,0.550000,0.891202,0.918857,0.000000,0.000000,0.000000,0.000000,0.000000,0.000000,0.000000,0.000000,0.000000,0.518333,0.487250,0.469509,0.457951,0.452869,0.455505,0.454771,0.000000,1.000000
2020-10-12,0.300903,0.325195,0.000000,0.520000,0.891627,0.916846,0.000000,0.000000,0.000000,0.000000,0.000000,0.000000,0.000000,0.000000,0.000000,0.533333,0.504500,0.483304,0.469618,0.459233,0.460889,0.458104,0.000000,1.000000
2020-10-13,0.474535,0.538291,0.011351,0.560000,0.904648,0.923166,0.000000,0.000000,0.000000,0.000000,0.000000,0.000000,0.000000,0.000000,0.000000,0.543333,0.527000,0.502321,0.485174,0.472869,0.466274,0.466771,0.000000,1.000000
2020-10-14,0.531881,0.600125,0.013617,0.530000,0.920294,0.933145,0.000000,0.000000,0.000000,0.000000,0.000000,0.000000,0.000000,0.000000,0.000000,0.536667,0.538000,0.516071,0.497014,0.483324,0.472428,0.472104,0.000000,2.000000
2020-10-15,0.335873,0.366049,0.000000,0.560000,0.917009,0.935126,0.000000,0.000000,0.000000,0.000000,0.000000,0.000000,0.000000,0.000000,0.000000,0.550000,0.544000,0.532143,0.511806,0.496051,0.483966,0.476771,0.000000,1.000000
2020-10-16,0.326383,0.355429,0.000000,0.520000,0.922359,0.936607,0.000000,0.000000,0.000000,0.000000,0.000000,0.000000,0.000000,0.000000,0.000000,0.536667,0.538000,0.538571,0.521389,0.504830,0.492043,0.481437,0.000000,1.000000
2020-10-17,0.282972,0.307899,0.007865,0.560000,0.920964,0.936106,1.000000,0.000000,0.000000,0.000000,0.000000,0.000000,0.000000,0.000000,0.000000,0.546667,0.546000,0.542857,0.533889,0.516932,0.502812,0.491437,0.000000,1.000000
2020-10-18,0.364119,0.392314,0.000000,0.550000,0.912370,0.938392,0.989317,0.000000,0.000000,0.000000,0.000000,0.000000,0.000000,0.000000,0.000000,0.543333,0.544000,0.542857,0.542222,0.527500,0.512548,0.500437,0.000000,1.000000
2020-10-19,0.326264,0.355692,0.000000,0.550000,0.896366,0.938207,0.994798,0.000000,0.000000,0.000000,0.000000,0.000000,0.000000,0.000000,0.000000,0.553333,0.548000,0.547143,0.544444,0.536818,0.522019,0.509104,0.000000,1.000000
2020-10-20,0.281664,0.303333,0.005749,0.560000,0.892147,0.934332,0.989107,0.000000,0.000000,0.000000,0.000000,0.000000,0.000000,0.000000,0.000000,0.553333,0.548000,0.547143,0.545556,0.544545,0.531731,0.518208,0.000000,1.000000
2020-10-21,0.143500,0.144105,0.016594,0.610000,0.877913,0.929744,0.979881,0.000000,0.000000,0.000000,0.000000,0.000000,0.000000,0.000000,0.000000,0.573333,0.566000,0.558571,0.555556,0.551818,0.544231,0.530417,0.000000,1.000000
2020-10-22,0.227401,0.239119,0.006867,0.730000,0.873588,0.926789,0.973765,0.000000,0.000000,0.000000,0.000000,0.000000,0.000000,0.000000,0.000000,0.633333,0.600000,0.582857,0.574444,0.568182,0.563846,0.550167,0.493385,1.000000
2020-10-23,0.434812,0.467558,0.080289,0.740000,0.879090,0.925192,0.969911,0.000000,0.000000,0.000000,0.000000,0.000000,0.000000,0.000000,0.000000,0.693333,0.638000,0.614286,0.597778,0.588182,0.580000,0.569667,0.503719,1.000000
2020-10-24,0.389988,0.423919,0.062572,0.730000,0.884050,0.919489,0.969769,0.000000,0.000000,0.000000,0.000000,0.000000,0.000000,0.000000,0.000000,0.733333,0.674000,0.638571,0.616667,0.603636,0.593846,0.586667,0.515052,1.000000
2020-10-25,0.349511,0.382121,0.052130,0.760000,0.889330,0.920037,0.969812,0.000000,0.000000,0.000000,0.000000,0.000000,0.000000,0.000000,0.000000,0.743333,0.714000,0.668571,0.643333,0.624545,0.612308,0.602000,0.525052,1.000000
2020-10-26,0.317098,0.345678,0.047723,0.750000,0.902842,0.919664,0.967563,0.000000,0.000000,0.000000,0.000000,0.000000,0.000000,0.000000,0.000000,0.746667,0.742000,0.697143,0.664444,0.641818,0.626923,0.615333,0.535052,1.000000
2020-10-27,0.326658,0.356386,0.073151,0.610000,0.910567,0.921420,0.967155,0.000000,0.000000,0.000000,0.000000,0.000000,0.000000,0.000000,0.000000,0.706667,0.718000,0.704286,0.671111,0.650000,0.633077,0.621333,0.539719,1.000000
2020-10-28,0.314305,0.341243,0.054864,0.700000,0.901188,0.919418,0.967105,0.000000,0.000000,0.000000,0.000000,0.000000,0.000000,0.000000,0.000000,0.686667,0.710000,0.717143,0.687778,0.662727,0.643846,0.630667,0.548719,1.000000
2020-10-29,0.278292,0.300623,0.061787,0.670000,0.892494,0.917489,0.967015,0.000000,0.000000,0.000000,0.000000,0.000000,0.000000,0.000000,0.000000,0.660000,0.698000,0.708571,0.700000,0.673636,0.655385,0.640000,0.556052,1.000000
2020-10-30,0.105323,0.098627,0.067220,0.740000,0.873489,0.910401,0.963970,0.000000,0.000000,0.000000,0.000000,0.000000,0.000000,0.000000,0.000000,0.703333,0.694000,0.708571,0.714444,0.690909,0.669231,0.652000,0.564385,1.000000
2020-10-31,0.088649,0.081583,0.094826,0.730000,0.855708,0.908196,0.960595,0.000000,0.000000,0.000000,0.000000,0.000000,0.000000,0.000000,0.000000,0.713333,0.690000,0.708571,0.714444,0.706364,0.683077,0.666000,0.573719,1.000000
2020-11-01,0.041041,0.025779,0.065549,0.720000,0.833478,0.900705,0.956321,0.000000,0.000000,0.000000,0.000000,0.000000,0.000000,0.000000,0.000000,0.730000,0.712000,0.702857,0.712222,0.716364,0.696154,0.676667,0.584052,1.000000
2020-11-02,0.068719,0.055764,0.051891,0.710000,0.814363,0.885990,0.952313,0.000000,0.000000,0.000000,0.000000,0.000000,0.000000,0.000000,0.000000,0.720000,0.714000,0.697143,0.710000,0.714545,0.707692,0.687333,0.593885,1.000000
2020-11-03,0.065680,0.052510,0.055910,0.720625,0.797815,0.872954,0.947858,0.000000,0.000000,0.000000,0.000000,0.000000,0.000000,0.000000,0.000000,0.716875,0.724125,0.712946,0.705625,0.712784,0.716202,0.698708,0.603906,1.000000
2020-11-04,0.062642,0.049257,0.059929,0.731250,0.794493,0.861423,0.942558,0.000000,0.000000,0.000000,0.000000,0.000000,0.000000,0.000000,0.000000,0.720625,0.722375,0.717411,0.703542,0.712898,0.716298,0.710125,0.614167,1.000000
2020-11-05,0.056565,0.042751,0.067967,0.752500,0.791996,0.850951,0.939180,0.000000,0.000000,0.000000,0.000000,0.000000,0.000000,0.000000,0.000000,0.734792,0.726875,0.729196,0.719375,0.712216,0.717260,0.719625,0.625021,1.000000
2020-11-06,0.044412,0.029737,0.084042,0.795000,0.792259,0.839605,0.934871,0.000000,0.000000,0.000000,0.000000,0.000000,0.000000,0.000000,0.000000,0.759583,0.741875,0.737054,0.729931,0.716307,0.722260,0.723958,0.637062,1.000000
2020-11-07,0.020106,0.003711,0.116193,0.880000,0.788475,0.827780,0.927236,0.000000,0.000000,0.000000,0.000000,0.000000,0.000000,0.000000,0.000000,0.809167,0.775875,0.758482,0.753264,0.740852,0.731490,0.733292,0.651479,1.000000
2020-11-08,0.000000,0.000000,0.112584,0.820000,0.777193,0.813407,0.916968,0.000000,0.000000,0.000000,0.000000,0.000000,0.000000,0.000000,0.000000,0.831667,0.795750,0.772768,0.762153,0.751761,0.736875,0.739292,0.662979,1.000000
2020-11-09,0.000000,0.000000,0.099478,0.860000,0.766079,0.805952,0.909978,0.000000,0.000000,0.000000,0.000000,0.000000,0.000000,0.000000,0.000000,0.853333,0.821500,0.794196,0.776597,0.769034,0.756106,0.745958,0.673979,1.000000
2020-11-10,0.000000,0.000000,0.086373,0.900000,0.755369,0.799131,0.903133,0.000000,0.000000,0.000000,0.000000,0.000000,0.000000,0.000000,0.000000,0.860000,0.851000,0.819821,0.796597,0.783580,0.771490,0.755958,0.685646,1.000000
2020-11-11,0.082803,0.084311,0.083825,0.860000,0.752572,0.797822,0.898521,1.000000,0.000000,0.000000,0.000000,0.000000,0.000000,0.000000,0.000000,0.873333,0.864000,0.838214,0.813264,0.795398,0.786106,0.772625,0.696979,1.000000
2020-11-12,0.034336,0.027751,0.081146,0.870000,0.747588,0.793294,0.891666,0.990762,0.000000,0.000000,0.000000,0.000000,0.000000,0.000000,0.000000,0.876667,0.862000,0.855000,0.829861,0.809034,0.796106,0.783958,0.707313,1.000000
2020-11-13,0.000000,0.000000,0.085060,0.890000,0.747113,0.787222,0.884749,0.990006,0.000000,0.000000,0.000000,0.000000,0.000000,0.000000,0.000000,0.873333,0.876000,0.868571,0.847500,0.825398,0.808413,0.798625,0.719313,1.000000
2020-11-14,0.135954,0.156901,0.091637,0.900000,0.758191,0.787203,0.881062,0.985066,0.000000,0.000000,0.000000,0.000000,0.000000,0.000000,0.000000,0.886667,0.884000,0.871429,0.863889,0.841705,0.822260,0.809292,0.730646,1.000000
2020-11-15,0.038990,0.054655,0.078981,0.860000,0.761146,0.783198,0.877927,0.978556,0.000000,0.000000,0.000000,0.000000,0.000000,0.000000,0.000000,0.883333,0.876000,0.877143,0.871111,0.853409,0.833798,0.817958,0.741979,1.000000
2020-11-16,0.063263,0.079135,0.073524,0.900000,0.759185,0.780741,0.873826,0.973174,0.000000,0.000000,0.000000,0.000000,0.000000,0.000000,0.000000,0.886667,0.884000,0.882857,0.873333,0.866818,0.847596,0.829958,0.753312,1.000000
2020-11-17,0.144281,0.164704,0.088405,0.860000,0.768147,0.782796,0.867717,0.967926,0.000000,0.000000,0.000000,0.000000,0.000000,0.000000,0.000000,0.873333,0.882000,0.877143,0.877778,0.872727,0.857500,0.839958,0.763646,1.000000
2020-11-18,0.219432,0.244664,0.071862,0.910000,0.786684,0.792123,0.863732,0.965752,0.000000,0.000000,0.000000,0.000000,0.000000,0.000000,0.000000,0.890000,0.886000,0.884286,0.883333,0.875455,0.869615,0.852583,0.775646,1.000000
2020-11-19,0.173442,0.200336,0.060902,0.940000,0.789851,0.799480,0.859588,0.963592,0.000000,0.000000,0.000000,0.000000,0.000000,0.000000,0.000000,0.903333,0.894000,0.894286,0.887778,0.886364,0.880769,0.866500,0.788312,1.000000
2020-11-20,0.108586,0.128688,0.065093,0.860000,0.795730,0.804043,0.854806,0.959889,0.000000,0.000000,0.000000,0.000000,0.000000,0.000000,0.000000,0.903333,0.894000,0.890000,0.887778,0.886364,0.879231,0.873667,0.796646,1.000000
2020-11-21,0.148841,0.168536,0.080244,0.910000,0.802959,0.806764,0.850597,0.957457,0.000000,0.000000,0.000000,0.000000,0.000000,0.000000,0.000000,0.903333,0.896000,0.891429,0.892222,0.887273,0.886154,0.881333,0.802646,1.000000
2020-11-22,0.304960,0.331401,0.089291,0.940000,0.816533,0.818402,0.849443,0.956823,0.000000,0.000000,0.000000,0.000000,0.000000,0.000000,0.000000,0.903333,0.912000,0.902857,0.897778,0.894545,0.892308,0.885333,0.809313,2.000000
2020-11-23,0.243332,0.279173,0.086500,0.900000,0.818552,0.829018,0.847770,0.955894,0.000000,0.000000,0.000000,0.000000,0.000000,0.000000,0.000000,0.916667,0.910000,0.902857,0.897778,0.897273,0.892308,0.890667,0.814979,1.000000
2020-11-24,0.332866,0.357945,0.081270,0.880000,0.832020,0.837609,0.850636,0.955800,0.000000,0.000000,0.000000,0.000000,0.000000,0.000000,0.000000,0.906667,0.898000,0.905714,0.900000,0.896364,0.893846,0.892000,0.818979,2.000000
2020-11-25,0.423991,0.476077,0.103482,0.940000,0.858664,0.854406,0.855444,0.956555,0.000000,0.000000,0.000000,0.000000,0.000000,0.000000,0.000000,0.906667,0.914000,0.910000,0.904444,0.900000,0.899231,0.894667,0.825313,2.000000
2020-11-26,0.314467,0.334741,0.092211,0.930000,0.872656,0.865365,0.859055,0.956205,0.000000,0.000000,0.000000,0.000000,0.000000,0.000000,0.000000,0.916667,0.918000,0.908571,0.912222,0.906364,0.902308,0.899333,0.835979,2.000000
2020-11-27,0.057605,0.057228,0.119259,0.860000,0.851760,0.861584,0.857516,0.953284,0.000000,0.000000,0.000000,0.000000,0.000000,0.000000,0.000000,0.910000,0.902000,0.908571,0.906667,0.902727,0.899231,0.898667,0.841312,1.000000
2020-11-28,0.093185,0.109602,0.078413,0.870000,0.839076,0.856076,0.856677,0.950495,0.000000,0.000000,0.000000,0.000000,0.000000,0.000000,0.000000,0.886667,0.896000,0.902857,0.898889,0.903636,0.900000,0.897333,0.847979,1.000000
2020-11-29,0.104640,0.132450,0.057697,0.890000,0.819796,0.853074,0.856098,0.947399,0.000000,0.000000,0.000000,0.000000,0.000000,0.000000,0.000000,0.873333,0.898000,0.895714,0.902222,0.901818,0.899231,0.896667,0.852979,1.000000
2020-11-30,0.143457,0.161455,0.059827,0.880000,0.796097,0.854595,0.856329,0.945741,0.000000,0.000000,0.000000,0.000000,0.000000,0.000000,0.000000,0.880000,0.886000,0.892857,0.898889,0.896364,0.900769,0.898000,0.857979,1.000000
2020-12-01,0.131146,0.176075,0.071294,0.950000,0.780611,0.853823,0.856540,0.943582,0.000000,0.000000,0.000000,0.000000,0.000000,0.000000,0.000000,0.906667,0.890000,0.902857,0.900000,0.904545,0.903846,0.901333,0.865646,1.000000
2020-12-02,0.072922,0.088364,0.083261,0.920000,0.781905,0.843700,0.856098,0.939328,0.000000,0.000000,0.000000,0.000000,0.000000,0.000000,0.000000,0.916667,0.902000,0.900000,0.902222,0.905455,0.902308,0.905333,0.872646,1.000000
2020-12-03,0.169168,0.201838,0.073202,0.920000,0.788324,0.840464,0.859080,0.935490,0.000000,0.000000,0.000000,0.000000,0.000000,0.000000,0.000000,0.930000,0.912000,0.898571,0.906667,0.903636,0.906923,0.906000,0.879292,1.000000
2020-12-04,0.195259,0.223407,0.072475,0.920000,0.795979,0.834461,0.862553,0.933638,0.000000,0.000000,0.000000,0.000000,0.000000,0.000000,0.000000,0.920000,0.918000,0.907143,0.904444,0.905455,0.907692,0.904667,0.885583,1.000000
2020-12-05,0.053816,0.061036,0.082716,0.930000,0.788406,0.818311,0.863461,0.930511,0.000000,0.000000,0.000000,0.000000,0.000000,0.000000,0.000000,0.923333,0.928000,0.915714,0.904444,0.910000,0.906923,0.909333,0.891500,1.000000
2020-12-06,0.089830,0.101484,0.075524,0.950000,0.784916,0.808510,0.863522,0.928114,1.000000,0.000000,0.000000,0.000000,0.000000,0.000000,0.000000,0.933333,0.928000,0.924286,0.914444,0.910909,0.910769,0.912000,0.896667,1.000000
2020-12-07,0.026678,0.037253,0.068688,0.950000,0.781009,0.807161,0.863312,0.924392,0.993574,0.000000,0.000000,0.000000,0.000000,0.000000,0.000000,0.943333,0.934000,0.934286,0.923333,0.912727,0.916154,0.912667,0.899000,1.000000
2020-12-08,0.000000,0.000000,0.061851,0.950000,0.763637,0.801504,0.862647,0.920399,0.992814,0.000000,0.000000,0.000000,0.000000,0.000000,0.000000,0.950000,0.940000,0.934286,0.930000,0.920909,0.916923,0.916000,0.903333,1.000000
2020-12-09,0.000000,1.000000,0.087489,0.945000,0.741846,0.794204,0.859024,0.916548,0.988107,0.000000,0.000000,0.000000,0.000000,0.000000,0.000000,0.948333,0.945000,0.937857,0.937222,0.927727,0.918077,0.920333,0.906167,0.000000
2020-12-10,0.000000,1.000000,0.113126,0.940000,0.729789,0.784066,0.856692,0.913669,0.982787,0.000000,0.000000,0.000000,0.000000,0.000000,0.000000,0.945000,0.947000,0.940714,0.936111,0.932273,0.924231,0.920333,0.907500,0.000000
2020-12-11,0.000000,0.945423,0.096158,0.890000,0.709472,0.771771,0.852791,0.909454,0.977675,0.000000,0.000000,0.000000,0.000000,0.000000,0.000000,0.925000,0.935000,0.936429,0.932778,0.933182,0.925769,0.917667,0.908500,0.000000
2020-12-12,0.040369,0.985391,0.109705,0.900000,0.698414,0.764043,0.848259,0.903849,0.972428,0.000000,0.000000,0.000000,0.000000,0.000000,0.000000,0.910000,0.925000,0.932143,0.930556,0.928636,0.926538,0.920333,0.909500,0.000000
2020-12-13,0.078414,1.000000,0.081275,0.910000,0.696389,0.754025,0.843156,0.899062,0.969086,0.000000,0.000000,0.000000,0.000000,0.000000,0.000000,0.900000,0.917000,0.926429,0.929444,0.927727,0.928846,0.923000,0.910167,0.000000
2020-12-14,0.070759,0.996349,0.089044,0.950000,0.695835,0.742485,0.838730,0.894548,0.965999,0.000000,0.000000,0.000000,0.000000,0.000000,0.000000,0.920000,0.918000,0.926429,0.931667,0.930455,0.928846,0.927000,0.911833,0.000000
2020-12-15,0.000000,0.908226,0.093714,0.910000,0.689282,0.732874,0.833714,0.889387,0.961637,0.000000,0.000000,0.000000,0.000000,0.000000,0.000000,0.923333,0.912000,0.920714,0.927222,0.929545,0.928077,0.929000,0.913500,0.000000
2020-12-16,0.068590,0.979015,0.067126,0.920000,0.694705,0.725182,0.829423,0.884910,0.958412,0.000000,0.000000,0.000000,0.000000,0.000000,0.000000,0.926667,0.918000,0.917143,0.923889,0.928636,0.928077,0.927000,0.914167,0.000000
2020-12-17,0.088849,0.994287,0.080789,0.920000,0.698201,0.721277,0.822716,0.880769,0.955548,0.000000,0.000000,0.000000,0.000000,0.000000,0.000000,0.916667,0.922000,0.914286,0.920556,0.925909,0.928077,0.927000,0.916167,0.000000
2020-12-18,0.033498,0.936426,0.092914,0.950000,0.692544,0.717309,0.815955,0.876327,0.952462,0.000000,0.000000,0.000000,0.000000,0.000000,0.000000,0.930000,0.930000,0.922857,0.921111,0.925909,0.929615,0.929000,0.917500,0.000000
2020-12-19,0.118757,1.000000,0.081370,0.930000,0.696033,0.718825,0.809375,0.874371,0.950015,0.000000,0.000000,0.000000,0.000000,0.000000,0.000000,0.933333,0.926000,0.927143,0.920000,0.924091,0.928077,0.929667,0.917167,0.000000
2020-12-20,0.145280,1.000000,0.070393,0.920000,0.710349,0.722834,0.801698,0.872860,0.947754,0.000000,0.000000,0.000000,0.000000,0.000000,0.000000,0.933333,0.928000,0.928571,0.923333,0.921818,0.925769,0.929000,0.919167,0.000000
2020-12-21,0.077118,0.936617,0.066983,0.920000,0.711190,0.726069,0.794568,0.871006,0.944932,0.000000,0.000000,0.000000,0.000000,0.000000,0.000000,0.923333,0.928000,0.924286,0.925556,0.920000,0.923462,0.927000,0.919500,0.000000
2020-12-22,0.000000,0.851238,0.094039,0.880000,0.701602,0.722923,0.790302,0.867948,0.941380,0.000000,0.000000,0.000000,0.000000,0.000000,0.000000,0.906667,0.920000,0.920000,0.922222,0.919091,0.918462,0.922333,0.917500,0.000000
2020-12-23,0.000000,0.846982,0.110899,0.930000,0.696509,0.717371,0.785180,0.864809,0.937608,0.000000,0.000000,0.000000,0.000000,0.000000,0.000000,0.910000,0.916000,0.921429,0.920000,0.921818,0.917692,0.921000,0.918500,0.000000
2020-12-24,0.000000,0.808789,0.208256,0.860000,0.678655,0.709953,0.778908,0.861200,0.933209,0.000000,0.000000,0.000000,0.000000,0.000000,0.000000,0.890000,0.902000,0.912857,0.914444,0.917273,0.915385,0.915333,0.917833,0.000000
2020-12-25,0.047509,0.844874,0.107718,0.940000,0.663162,0.709345,0.773002,0.858211,0.929932,0.000000,0.000000,0.000000,0.000000,0.000000,0.000000,0.910000,0.906000,0.911429,0.916667,0.916364,0.918462,0.915333,0.917833,0.000000
2020-12-26,0.000000,0.789741,0.093963,0.930000,0.647730,0.701809,0.765884,0.854573,0.925871,0.000000,0.000000,0.000000,0.000000,0.000000,0.000000,0.910000,0.908000,0.911429,0.917778,0.918182,0.920000,0.918000,0.917833,0.000000
2020-12-27,0.000000,0.772020,0.080805,0.910000,0.639686,0.692703,0.759602,0.851031,0.920672,0.000000,0.000000,0.000000,0.000000,0.000000,0.000000,0.926667,0.914000,0.910000,0.913333,0.917273,0.916923,0.918667,0.919500,0.000000
2020-12-28,0.000000,0.766214,0.093223,0.920000,0.631445,0.685817,0.751316,0.848237,0.915034,0.000000,0.000000,0.000000,0.000000,0.000000,0.000000,0.920000,0.912000,0.910000,0.912222,0.917273,0.917692,0.919333,0.921167,0.000000
2020-12-29,0.019351,0.788024,0.086847,0.910000,0.629664,0.675676,0.743007,0.845690,0.910752,0.000000,0.000000,0.000000,0.000000,0.000000,0.000000,0.913333,0.922000,0.914286,0.911111,0.913636,0.916923,0.916667,0.921833,0.000000
2020-12-30,0.009908,0.775718,0.085898,0.910000,0.621883,0.663657,0.737056,0.843034,0.906449,0.000000,0.000000,0.000000,0.000000,0.000000,0.000000,0.913333,0.916000,0.911429,0.910000,0.911818,0.916154,0.916667,0.922833,0.000000
2020-12-31,0.003938,0.769233,0.063854,0.950000,0.620110,0.654771,0.730309,0.839512,0.902358,1.000000,0.000000,0.000000,0.000000,0.000000,0.000000,0.923333,0.920000,0.924286,0.917778,0.914545,0.916154,0.918667,0.922833,0.000000
2021-01-01,0.118655,0.823960,0.065157,0.940000,0.631837,0.656673,0.727402,0.837870,0.898747,0.994085,0.000000,0.000000,0.000000,0.000000,0.000000,0.933333,0.926000,0.924286,0.918889,0.916364,0.916923,0.920000,0.923500,0.000000
2021-01-02,0.296689,1.000000,0.281935,0.940000,0.664050,0.669053,0.729819,0.838793,0.896878,0.994176,0.000000,0.000000,0.000000,0.000000,0.000000,0.943333,0.930000,0.925714,0.927778,0.921818,0.918462,0.919333,0.924167,0.000000
2021-01-03,0.232429,0.928332,0.182079,0.930000,0.687185,0.680081,0.731208,0.837616,0.894734,0.990851,0.000000,0.000000,0.000000,0.000000,0.000000,0.936667,0.934000,0.928571,0.926667,0.921818,0.919231,0.919333,0.924500,0.000000
2021-01-04,0.216547,0.936147,0.134409,0.940000,0.709621,0.687650,0.732703,0.837175,0.893296,0.987072,0.000000,0.000000,0.000000,0.000000,0.000000,0.936667,0.940000,0.931429,0.927778,0.929091,0.923846,0.920667,0.924833,0.000000
2021-01-05,0.238722,0.939676,0.128183,0.930000,0.735112,0.699900,0.735844,0.836775,0.891536,0.983929,0.000000,0.000000,0.000000,0.000000,0.000000,0.933333,0.936000,0.934286,0.930000,0.928182,0.923846,0.921333,0.924167,0.000000
2021-01-06,0.534259,1.000000,0.236105,0.950000,0.780236,0.729260,0.745064,0.839244,0.891022,0.982419,0.000000,0.000000,0.000000,0.000000,0.000000,0.940000,0.938000,0.940000,0.933333,0.930000,0.930769,0.926000,0.924167,0.000000
2021-01-07,0.666891,1.000000,0.264729,0.910000,0.820431,0.766654,0.756595,0.842630,0.891906,0.983077,0.000000,0.000000,0.000000,0.000000,0.000000,0.930000,0.932000,0.934286,0.933333,0.930000,0.928462,0.924667,0.922833,0.000000
2021-01-08,0.616315,0.946004,0.189383,0.930000,0.862111,0.800128,0.767101,0.845832,0.892607,0.983644,0.000000,0.000000,0.000000,0.000000,0.000000,0.930000,0.932000,0.932857,0.935556,0.930909,0.928462,0.929333,0.922333,0.000000
2021-01-09,0.695482,1.000000,0.211442,0.920625,0.914111,0.838570,0.781235,0.850635,0.894177,0.984242,0.000000,0.000000,0.000000,0.000000,0.000000,0.920208,0.928125,0.930089,0.932292,0.931875,0.929279,0.928042,0.921687,0.000000
2021-01-10,0.774649,1.000000,0.233501,0.911250,0.972300,0.881786,0.795766,0.856029,0.896360,0.985852,0.000000,0.000000,0.000000,0.000000,0.000000,0.920625,0.924375,0.927411,0.929097,0.931989,0.928606,0.926792,0.922396,0.000000
2021-01-11,0.932983,1.000000,0.277619,0.892500,1.000000,0.927448,0.813577,0.861877,0.899963,0.988686,0.000000,0.000000,0.000000,0.000000,0.000000,0.908125,0.912875,0.920625,0.923819,0.926761,0.927260,0.925625,0.922146,0.000000
2021-01-12,1.000000,1.000000,0.365856,0.855000,1.000000,0.980884,0.839987,0.872227,0.906471,0.993808,0.000000,0.000000,0.000000,0.000000,0.000000,0.886250,0.901875,0.909911,0.915486,0.919034,0.923029,0.921292,0.920312,0.000000
2021-01-13,1.000000,1.000000,0.542329,0.780000,1.000000,1.000000,0.879427,0.889536,0.919406,1.000000,0.000000,0.000000,0.000000,0.000000,0.000000,0.842500,0.871875,0.885625,0.897708,0.904489,0.909952,0.912625,0.914646,0.000000
2021-01-14,1.000000,1.000000,0.370190,0.830000,1.000000,1.000000,0.924959,0.909475,0.934852,1.000000,0.000000,0.000000,0.000000,0.000000,0.000000,0.821667,0.853750,0.874196,0.886597,0.895398,0.901490,0.907292,0.911979,0.000000
2021-01-15,1.000000,1.000000,0.540778,0.880000,1.000000,1.000000,0.979402,0.934396,0.953289,1.000000,0.000000,0.000000,0.000000,0.000000,0.000000,0.830000,0.847500,0.867054,0.878819,0.889943,0.896875,0.902625,0.910646,0.000000
2021-01-16,1.000000,1.000000,0.471015,0.840000,1.000000,1.000000,1.000000,0.962056,0.971744,1.000000,0.000000,0.000000,0.000000,0.000000,0.000000,0.850000,0.837000,0.855536,0.871042,0.881761,0.889952,0.895958,0.907979,0.000000
2021-01-17,1.000000,1.000000,1.000000,0.790000,1.000000,1.000000,1.000000,1.000000,1.000000,1.000000,0.000000,0.000000,0.000000,0.000000,0.000000,0.836667,0.824000,0.838214,0.855486,0.867216,0.878413,0.885958,0.902646,0.000000
2021-01-18,1.000000,1.000000,0.953758,0.790000,1.000000,1.000000,1.000000,1.000000,1.000000,1.000000,0.000000,0.000000,0.000000,0.000000,0.000000,0.806667,0.826000,0.823571,0.840972,0.856307,0.867644,0.876625,0.897979,0.000000
2021-01-19,0.954560,0.960790,0.420854,0.800000,1.000000,1.000000,1.000000,1.000000,1.000000,1.000000,0.000000,0.000000,0.000000,0.000000,0.000000,0.793333,0.820000,0.815714,0.828611,0.844489,0.856106,0.867292,0.893979,0.000000
2021-01-20,0.865811,0.884588,0.494973,0.780000,1.000000,1.000000,1.000000,1.000000,1.000000,1.000000,0.000000,0.000000,0.000000,0.000000,0.000000,0.790000,0.800000,0.815714,0.816111,0.831705,0.846106,0.857292,0.889313,0.000000
2021-01-21,0.939668,0.946416,0.526800,0.750000,1.000000,1.000000,1.000000,1.000000,1.000000,1.000000,0.000000,0.000000,0.000000,0.000000,0.000000,0.776667,0.782000,0.804286,0.804444,0.817045,0.832260,0.843958,0.884979,0.000000
2021-01-22,0.820384,0.856441,0.530569,0.400000,0.974223,1.000000,1.000000,1.000000,1.000000,1.000000,0.000000,0.000000,0.000000,0.000000,0.000000,0.643333,0.704000,0.735714,0.762222,0.772273,0.792212,0.809958,0.867313,0.000000
2021-01-23,0.955200,0.964325,0.618668,0.740000,0.966955,1.000000,1.000000,1.000000,1.000000,1.000000,0.000000,0.000000,0.000000,0.000000,0.000000,0.630000,0.694000,0.721429,0.752222,0.761818,0.779038,0.797292,0.863312,0.000000
2021-01-24,0.972161,0.971954,0.455519,0.700000,0.969810,1.000000,1.000000,1.000000,1.000000,1.000000,0.000000,0.000000,0.000000,0.000000,0.000000,0.613333,0.674000,0.708571,0.732222,0.754545,0.764231,0.782583,0.855313,0.000000
2021-01-25,0.930845,0.938122,0.334826,0.740000,0.980362,1.000000,1.000000,1.000000,1.000000,1.000000,0.000000,0.000000,0.000000,0.000000,0.000000,0.726667,0.666000,0.701429,0.721111,0.746364,0.755385,0.771167,0.848979,0.000000
2021-01-26,0.906807,0.919049,0.300103,0.710000,0.975030,1.000000,1.000000,1.000000,1.000000,1.000000,0.000000,0.000000,0.000000,0.000000,0.000000,0.716667,0.658000,0.688571,0.712222,0.730909,0.750000,0.759000,0.842313,0.000000
2021-01-27,0.905553,0.914910,0.392035,0.780000,0.988849,0.993945,1.000000,1.000000,1.000000,1.000000,0.000000,0.000000,0.000000,0.000000,0.000000,0.743333,0.734000,0.688571,0.711111,0.725455,0.746154,0.754000,0.837646,0.000000
2021-01-28,0.807569,0.832435,0.318913,0.550000,0.964896,0.978137,1.000000,1.000000,1.000000,1.000000,0.000000,0.000000,0.000000,0.000000,0.000000,0.680000,0.696000,0.660000,0.683333,0.703636,0.720769,0.738667,0.825646,0.000000
2021-01-29,0.886801,0.903138,0.335480,0.770000,0.951047,0.972571,1.000000,1.000000,1.000000,1.000000,0.000000,0.000000,0.000000,0.000000,0.000000,0.700000,0.710000,0.712857,0.682222,0.701818,0.715385,0.734667,0.820979,0.000000
2021-01-30,0.849052,0.869368,0.426697,0.760000,0.937776,0.971194,1.000000,1.000000,1.000000,1.000000,0.000000,0.000000,0.000000,0.000000,0.000000,0.693333,0.714000,0.715714,0.683333,0.698182,0.713077,0.726667,0.814646,0.000000
2021-01-31,0.885677,0.898115,0.331027,0.780000,0.934348,0.966759,1.000000,1.000000,1.000000,1.000000,0.000000,0.000000,0.000000,0.000000,0.000000,0.770000,0.728000,0.727143,0.725556,0.698182,0.712308,0.722667,0.809313,0.000000
2021-02-01,1.000000,1.000000,1.000000,0.770000,0.955056,0.984241,1.000000,1.000000,1.000000,1.000000,0.000000,0.000000,0.000000,0.000000,0.000000,0.770000,0.726000,0.731429,0.728889,0.700000,0.710000,0.721333,0.803646,0.000000
2021-02-02,0.970305,0.971895,0.433669,0.760000,0.986684,0.988127,1.000000,1.000000,1.000000,1.000000,0.000000,0.000000,0.000000,0.000000,0.000000,0.770000,0.768000,0.738571,0.735556,0.732727,0.708462,0.719333,0.797979,0.000000
2021-02-03,0.996398,1.000000,0.258929,0.780000,1.000000,0.992834,1.000000,1.000000,1.000000,1.000000,0.000000,0.000000,0.000000,0.000000,0.000000,0.770000,0.770000,0.738571,0.740000,0.736364,0.710769,0.718000,0.792646,0.000000
2021-02-04,1.000000,1.000000,0.391934,0.800000,1.000000,1.000000,1.000000,1.000000,1.000000,1.000000,0.000000,0.000000,0.000000,0.000000,0.000000,0.780000,0.778000,0.774286,0.750000,0.745455,0.741538,0.719333,0.788312,0.000000
2021-02-05,1.000000,1.000000,0.518276,0.810000,1.000000,1.000000,1.000000,1.000000,1.000000,1.000000,0.000000,0.000000,0.000000,0.000000,0.000000,0.796667,0.784000,0.780000,0.753333,0.751818,0.746923,0.723333,0.783646,0.000000
2021-02-06,1.000000,1.000000,0.578732,0.840000,1.000000,1.000000,1.000000,1.000000,1.000000,1.000000,0.000000,0.000000,0.000000,0.000000,0.000000,0.816667,0.798000,0.791429,0.785556,0.763636,0.757692,0.752667,0.781312,0.000000
2021-02-07,1.000000,1.000000,0.561490,0.860000,1.000000,1.000000,1.000000,1.000000,1.000000,1.000000,0.000000,0.000000,0.000000,0.000000,0.000000,0.836667,0.818000,0.802857,0.795556,0.770909,0.766923,0.760667,0.778979,0.000000
2021-02-08,1.000000,1.000000,1.000000,0.830000,1.000000,1.000000,1.000000,1.000000,1.000000,1.000000,0.000000,0.000000,0.000000,0.000000,0.000000,0.843333,0.828000,0.811429,0.803333,0.796364,0.776154,0.769333,0.775958,0.000000
2021-02-09,1.000000,1.000000,0.891824,0.875000,1.000000,1.000000,1.000000,1.000000,1.000000,1.000000,0.000000,0.000000,0.000000,0.000000,0.000000,0.855000,0.843000,0.827857,0.813889,0.805909,0.783462,0.778333,0.774750,1.000000
2021-02-10,1.000000,1.000000,0.783647,0.920000,1.000000,1.000000,1.000000,1.000000,1.000000,1.000000,0.000000,0.000000,0.000000,0.000000,0.000000,0.875000,0.865000,0.847857,0.830556,0.820455,0.811923,0.792333,0.775667,1.000000
2021-02-11,1.000000,1.000000,0.884622,0.920000,1.000000,1.000000,1.000000,1.000000,1.000000,1.000000,0.000000,0.000000,0.000000,0.000000,0.000000,0.905000,0.881000,0.865000,0.848333,0.833182,0.823462,0.801667,0.777833,2.000000
2021-02-12,1.000000,1.000000,0.985597,0.920000,1.000000,1.000000,1.000000,1.000000,1.000000,1.000000,0.000000,0.000000,0.000000,0.000000,0.000000,0.920000,0.893000,0.880714,0.863889,0.846818,0.835769,0.826333,0.782500,2.000000
2021-02-13,1.000000,1.000000,1.000000,0.920000,1.000000,1.000000,1.000000,1.000000,1.000000,1.000000,0.000000,0.000000,0.000000,0.000000,0.000000,0.920000,0.911000,0.892143,0.877222,0.861364,0.846538,0.836333,0.785500,2.000000
2021-02-14,0.891576,0.893687,0.599939,0.950000,1.000000,1.000000,1.000000,1.000000,1.000000,1.000000,0.000000,0.000000,0.000000,0.000000,0.000000,0.930000,0.926000,0.905000,0.892778,0.876818,0.860385,0.849000,0.787833,2.000000
2021-02-15,0.772660,0.774056,0.735862,0.930000,1.000000,1.000000,1.000000,1.000000,1.000000,1.000000,0.000000,0.000000,0.000000,0.000000,0.000000,0.933333,0.928000,0.919286,0.902778,0.888636,0.873462,0.859000,0.790833,2.000000
2021-02-16,0.760319,0.756691,0.877159,0.950000,1.000000,1.000000,1.000000,1.000000,1.000000,1.000000,0.000000,0.000000,0.000000,0.000000,0.000000,0.943333,0.934000,0.930000,0.912778,0.901364,0.886538,0.871000,0.796167,2.000000
2021-02-17,0.723692,0.726473,0.638362,0.950000,0.981010,1.000000,1.000000,1.000000,1.000000,1.000000,0.000000,0.000000,0.000000,0.000000,0.000000,0.943333,0.940000,0.934286,0.926111,0.911364,0.898077,0.883667,0.801500,2.000000
2021-02-18,0.733422,0.729647,0.698990,0.910000,0.922427,1.000000,1.000000,1.000000,1.000000,1.000000,0.000000,0.000000,0.000000,0.000000,0.000000,0.936667,0.938000,0.932857,0.930000,0.915909,0.905769,0.892333,0.805167,2.000000
2021-02-19,0.819610,0.821356,0.763507,0.930000,0.906611,1.000000,1.000000,1.000000,1.000000,1.000000,1.000000,0.000000,0.000000,0.000000,0.000000,0.930000,0.934000,0.934286,0.931111,0.925000,0.912692,0.901000,0.810167,2.000000
2021-02-20,0.778928,0.780725,0.678455,0.910000,0.907989,1.000000,1.000000,1.000000,1.000000,1.000000,1.000000,0.000000,0.000000,0.000000,0.000000,0.916667,0.930000,0.932857,0.930000,0.928182,0.916538,0.907667,0.815500,2.000000
2021-02-21,0.723064,0.717185,0.881434,0.910000,0.899801,1.000000,1.000000,1.000000,1.000000,1.000000,1.000000,0.000000,0.000000,0.000000,0.000000,0.916667,0.922000,0.927143,0.928889,0.927273,0.922692,0.912333,0.832500,2.000000
2021-02-22,0.720378,0.727553,0.542295,0.940000,0.899073,0.989621,1.000000,1.000000,1.000000,1.000000,1.000000,0.000000,0.000000,0.000000,0.000000,0.920000,0.920000,0.928571,0.931111,0.929091,0.927692,0.917667,0.839167,2.000000
2021-02-23,0.636101,0.644052,0.734204,0.940000,0.877686,0.947527,1.000000,1.000000,1.000000,1.000000,1.000000,0.000000,0.000000,0.000000,0.000000,0.930000,0.926000,0.927143,0.930000,0.930909,0.929231,0.925000,0.847167,1.000000
2021-02-24,0.530601,0.538694,0.733777,0.760000,0.814173,0.905771,1.000000,1.000000,1.000000,1.000000,1.000000,0.000000,0.000000,0.000000,0.000000,0.880000,0.892000,0.900000,0.911111,0.916364,0.916923,0.917333,0.847833,1.000000
2021-02-25,0.577809,0.587420,0.761926,0.790000,0.769975,0.883231,1.000000,1.000000,1.000000,1.000000,1.000000,0.000000,0.000000,0.000000,0.000000,0.830000,0.868000,0.882857,0.893333,0.901818,0.906923,0.908667,0.850500,1.000000
2021-02-26,0.512529,0.529706,0.552650,0.550000,0.723708,0.854568,1.000000,1.000000,1.000000,1.000000,1.000000,0.000000,0.000000,0.000000,0.000000,0.700000,0.796000,0.828571,0.848889,0.867273,0.878462,0.884000,0.842833,1.000000
2021-02-27,0.497745,0.513557,0.440065,0.560000,0.674782,0.828431,1.000000,1.000000,1.000000,1.000000,1.000000,0.000000,0.000000,0.000000,0.000000,0.633333,0.720000,0.778571,0.810000,0.831818,0.848462,0.860000,0.843167,1.000000
2021-02-28,0.500925,0.514082,0.409087,0.550000,0.645076,0.801537,1.000000,1.000000,1.000000,1.000000,1.000000,0.000000,0.000000,0.000000,0.000000,0.553333,0.642000,0.727143,0.767778,0.795455,0.819231,0.835333,0.835833,1.000000
2021-03-01,0.451576,0.470730,0.412695,0.380000,0.627709,0.758965,1.000000,1.000000,1.000000,1.000000,1.000000,0.000000,0.000000,0.000000,0.000000,0.496667,0.566000,0.647143,0.708889,0.747273,0.775385,0.797333,0.823167,0.000000
2021-03-02,0.525925,0.540119,0.546955,0.780000,0.616307,0.729698,1.000000,1.000000,1.000000,1.000000,1.000000,0.000000,0.000000,0.000000,0.000000,0.570000,0.564000,0.624286,0.694444,0.733636,0.762308,0.787333,0.823167,1.000000
2021-03-03,0.520994,0.535759,1.000000,0.780000,0.618167,0.706324,1.000000,1.000000,1.000000,1.000000,1.000000,0.000000,0.000000,0.000000,0.000000,0.646667,0.610000,0.627143,0.676667,0.721818,0.752308,0.776000,0.823500,1.000000
2021-03-04,0.524867,0.540809,0.599631,0.840000,0.624127,0.683708,1.000000,1.000000,1.000000,1.000000,1.000000,0.000000,0.000000,0.000000,0.000000,0.800000,0.666000,0.634286,0.665556,0.715455,0.745385,0.768667,0.826167,1.000000
2021-03-05,0.490126,0.505012,0.590569,0.770000,0.621754,0.666822,1.000000,1.000000,1.000000,1.000000,1.000000,0.000000,0.000000,0.000000,0.000000,0.796667,0.710000,0.665714,0.666667,0.700000,0.734615,0.759333,0.825833,0.000000
2021-03-06,0.465692,0.521234,0.407394,0.770000,0.624856,0.659314,0.995888,1.000000,1.000000,1.000000,1.000000,0.000000,0.000000,0.000000,0.000000,0.793333,0.788000,0.695714,0.664444,0.684545,0.723846,0.748667,0.824833,0.000000
2021-03-07,0.477559,0.536950,0.255224,0.760000,0.614228,0.647718,0.987944,1.000000,1.000000,1.000000,1.000000,0.000000,0.000000,0.000000,0.000000,0.766667,0.784000,0.725714,0.687778,0.684545,0.710000,0.738667,0.823167,0.000000
2021-03-08,0.511750,0.572939,0.453444,0.810000,0.612196,0.647627,0.976617,1.000000,1.000000,1.000000,1.000000,0.000000,0.000000,0.000000,0.000000,0.780000,0.790000,0.787143,0.715556,0.686364,0.700000,0.732000,0.822167,0.000000
2021-03-09,0.495538,0.566163,0.341048,0.810000,0.605751,0.647372,0.959098,1.000000,1.000000,1.000000,1.000000,0.000000,0.000000,0.000000,0.000000,0.793333,0.784000,0.791429,0.744444,0.710000,0.703846,0.723333,0.820500,0.000000
2021-03-10,0.502345,0.614545,0.378020,0.801250,0.608436,0.647536,0.931384,1.000000,1.000000,1.000000,1.000000,0.000000,0.000000,0.000000,0.000000,0.807083,0.790250,0.794464,0.791250,0.731932,0.704712,0.714083,0.819542,0.000000
2021-03-11,0.509153,0.662926,0.414991,0.792500,0.617987,0.654197,0.910087,1.000000,1.000000,1.000000,1.000000,0.000000,0.000000,0.000000,0.000000,0.801250,0.794750,0.787679,0.792639,0.753977,0.723365,0.716250,0.816792,0.000000
2021-03-12,0.522768,0.759689,0.488934,0.775000,0.627922,0.653831,0.896170,1.000000,1.000000,1.000000,1.000000,0.000000,0.000000,0.000000,0.000000,0.789583,0.797750,0.788393,0.792083,0.789886,0.739904,0.715250,0.811958,0.000000
2021-03-13,0.549997,0.953215,0.636820,0.740000,0.636327,0.657186,0.884458,1.000000,1.000000,1.000000,1.000000,0.000000,0.000000,0.000000,0.000000,0.769167,0.783750,0.784107,0.780972,0.786250,0.754519,0.727917,0.805958,1.000000
2021-03-14,0.612688,1.000000,0.765034,0.780000,0.662072,0.667345,0.878276,1.000000,1.000000,1.000000,1.000000,0.000000,0.000000,0.000000,0.000000,0.765000,0.777750,0.786964,0.782083,0.786250,0.785288,0.742583,0.801292,1.000000
2021-03-15,0.575159,0.951125,0.492968,0.760000,0.678074,0.677181,0.869462,1.000000,1.000000,1.000000,1.000000,0.000000,0.000000,0.000000,0.000000,0.760000,0.769500,0.779821,0.780972,0.778977,0.783750,0.756583,0.795958,1.000000
2021-03-16,0.572609,0.942865,0.540421,0.710000,0.692019,0.689549,0.855707,1.000000,1.000000,1.000000,1.000000,0.000000,0.000000,0.000000,0.000000,0.750000,0.753000,0.765536,0.775417,0.773523,0.778365,0.778583,0.787958,1.000000
2021-03-17,0.660366,1.000000,0.775387,0.710000,0.722258,0.710695,0.849104,1.000000,1.000000,1.000000,1.000000,0.000000,0.000000,0.000000,0.000000,0.726667,0.740000,0.752500,0.764306,0.768068,0.768365,0.773917,0.780625,1.000000
2021-03-18,0.653341,0.995935,0.799123,0.720000,0.744969,0.727074,0.845221,1.000000,1.000000,1.000000,1.000000,0.000000,0.000000,0.000000,0.000000,0.713333,0.736000,0.742143,0.754306,0.764432,0.764519,0.769917,0.772958,1.000000
2021-03-19,0.669900,1.000000,0.762474,0.710000,0.757542,0.747243,0.842410,1.000000,1.000000,1.000000,1.000000,0.000000,0.000000,0.000000,0.000000,0.713333,0.722000,0.732857,0.744167,0.755341,0.759904,0.761250,0.764958,1.000000
2021-03-20,0.769041,1.000000,1.000000,0.750000,0.800149,0.778094,0.849813,1.000000,1.000000,1.000000,1.000000,0.000000,0.000000,0.000000,0.000000,0.726667,0.720000,0.734286,0.739444,0.749886,0.759135,0.759917,0.759625,2.000000
2021-03-21,0.694280,0.911724,0.573769,0.730000,0.826888,0.799508,0.858929,1.000000,1.000000,1.000000,1.000000,0.000000,0.000000,0.000000,0.000000,0.730000,0.724000,0.727143,0.734444,0.743409,0.752981,0.757250,0.752958,1.000000
2021-03-22,0.660955,0.867443,0.547842,0.700000,0.827017,0.815493,0.863559,1.000000,1.000000,1.000000,1.000000,0.000000,0.000000,0.000000,0.000000,0.726667,0.722000,0.718571,0.730000,0.735000,0.744519,0.753250,0.745958,1.000000
2021-03-23,0.584082,0.777940,0.550606,0.660000,0.811797,0.819436,0.867544,1.000000,1.000000,1.000000,1.000000,0.000000,0.000000,0.000000,0.000000,0.696667,0.710000,0.711429,0.716667,0.724545,0.733654,0.743250,0.737625,1.000000
2021-03-24,0.571811,0.754736,0.517447,0.650000,0.790241,0.814707,0.871669,1.000000,1.000000,1.000000,1.000000,0.000000,0.000000,0.000000,0.000000,0.670000,0.698000,0.702857,0.704444,0.716364,0.722692,0.732583,0.727958,1.000000
2021-03-25,0.510114,0.686113,0.499177,0.600000,0.733339,0.807183,0.872180,1.000000,1.000000,1.000000,1.000000,0.000000,0.000000,0.000000,0.000000,0.636667,0.668000,0.685714,0.692222,0.700000,0.709231,0.719167,0.716625,1.000000
2021-03-26,0.505860,0.674309,0.490022,0.540000,0.691931,0.799462,0.875203,1.000000,1.000000,1.000000,1.000000,0.000000,0.000000,0.000000,0.000000,0.596667,0.630000,0.661429,0.673333,0.680000,0.693846,0.702333,0.709292,1.000000
2021-03-27,0.560599,0.743456,0.341842,0.650000,0.669877,0.787922,0.877134,1.000000,1.000000,1.000000,1.000000,0.000000,0.000000,0.000000,0.000000,0.596667,0.620000,0.647143,0.665556,0.674545,0.683846,0.694000,0.704625,1.000000
2021-03-28,0.549838,0.734132,0.250648,0.740000,0.662352,0.775949,0.878741,1.000000,1.000000,1.000000,1.000000,0.000000,0.000000,0.000000,0.000000,0.643333,0.636000,0.648571,0.668889,0.677273,0.682308,0.694000,0.710958,1.000000
2021-03-29,0.570941,0.755271,0.338396,0.720000,0.662161,0.764502,0.881307,1.000000,1.000000,1.000000,1.000000,0.000000,0.000000,0.000000,0.000000,0.703333,0.650000,0.651429,0.665556,0.677273,0.683077,0.690000,0.716292,1.000000
2021-03-30,0.590454,0.785284,0.324207,0.720000,0.679816,0.743843,0.886894,1.000000,1.000000,1.000000,1.000000,0.000000,0.000000,0.000000,0.000000,0.726667,0.674000,0.660000,0.664444,0.678182,0.683846,0.687333,0.721958,1.000000
2021-03-31,0.589571,0.780651,0.326297,0.760000,0.698213,0.731731,0.893793,1.000000,1.000000,1.000000,1.000000,0.000000,0.000000,0.000000,0.000000,0.733333,0.718000,0.675714,0.671111,0.679091,0.686923,0.690667,0.734625,1.000000
2021-04-01,0.566668,0.753025,0.330360,0.740000,0.699546,0.720824,0.898755,0.998422,1.000000,1.000000,1.000000,0.000000,0.000000,0.000000,0.000000,0.740000,0.736000,0.695714,0.680000,0.680000,0.689231,0.692667,0.733292,1.000000
2021-04-02,0.562593,0.747888,0.264745,0.740000,0.702349,0.718339,0.901587,0.993926,1.000000,1.000000,1.000000,0.000000,0.000000,0.000000,0.000000,0.746667,0.736000,0.724286,0.690000,0.683636,0.688462,0.694000,0.731958,1.000000
2021-04-03,0.576126,0.764882,0.261154,0.730000,0.703489,0.718838,0.906075,0.987031,1.000000,1.000000,1.000000,0.000000,0.000000,0.000000,0.000000,0.736667,0.738000,0.735714,0.704444,0.690000,0.688462,0.695333,0.728292,1.000000
2021-04-04,0.560266,0.746155,0.633028,0.740000,0.696854,0.724639,0.909300,0.974071,1.000000,1.000000,1.000000,0.000000,0.000000,0.000000,0.000000,0.736667,0.742000,0.735714,0.726667,0.698182,0.691538,0.694667,0.727292,1.000000
2021-04-05,0.583592,0.774448,0.300707,0.710000,0.695541,0.733631,0.913446,0.964995,1.000000,1.000000,1.000000,0.000000,0.000000,0.000000,0.000000,0.726667,0.732000,0.734286,0.733333,0.708182,0.695385,0.693333,0.725292,1.000000
2021-04-06,0.622109,0.820917,0.625844,0.750000,0.707724,0.740746,0.918978,0.960558,1.000000,1.000000,1.000000,0.000000,0.000000,0.000000,0.000000,0.733333,0.734000,0.738571,0.734444,0.727273,0.703077,0.696667,0.724958,1.000000
2021-04-07,0.633828,0.838285,0.596082,0.720000,0.723379,0.750462,0.923646,0.956830,1.000000,1.000000,1.000000,0.000000,0.000000,0.000000,0.000000,0.726667,0.730000,0.732857,0.734444,0.733636,0.712308,0.700667,0.721958,1.000000
2021-04-08,0.586580,0.784867,0.491030,0.730000,0.725676,0.752271,0.922193,0.952790,1.000000,1.000000,1.000000,0.000000,0.000000,0.000000,0.000000,0.733333,0.730000,0.731429,0.735556,0.732727,0.726923,0.706000,0.719292,1.000000
2021-04-09,0.613379,0.809318,0.307696,0.700000,0.737348,0.754923,0.924321,0.949252,1.000000,1.000000,1.000000,0.000000,0.000000,0.000000,0.000000,0.716667,0.722000,0.725714,0.728889,0.730909,0.730769,0.712667,0.715917,1.000000
2021-04-10,0.630334,0.831181,0.396231,0.700000,0.747620,0.759638,0.927536,0.943674,1.000000,1.000000,1.000000,1.000000,0.000000,0.000000,0.000000,0.710000,0.720000,0.721429,0.724444,0.729091,0.727692,0.723333,0.712833,1.000000
2021-04-11,0.643614,0.848881,0.553311,0.760000,0.752346,0.768539,0.926603,0.939686,1.000000,1.000000,1.000000,1.000000,0.000000,0.000000,0.000000,0.720000,0.722000,0.724286,0.726667,0.729091,0.730769,0.730667,0.712333,1.000000
2021-04-12,0.662972,0.873009,0.621097,0.750000,0.758751,0.780150,0.927139,0.937915,1.000000,1.000000,1.000000,1.000000,0.000000,0.000000,0.000000,0.736667,0.728000,0.730000,0.728889,0.730000,0.733077,0.731333,0.712667,1.000000
2021-04-13,0.682329,0.897138,0.688883,0.740000,0.779793,0.792435,0.927831,0.936794,1.000000,1.000000,1.000000,1.000000,0.000000,0.000000,0.000000,0.750000,0.730000,0.728571,0.728889,0.730000,0.731538,0.732667,0.711333,1.000000
2021-04-14,0.682609,0.896078,0.541800,0.750000,0.795007,0.806587,0.923018,0.938164,1.000000,1.000000,1.000000,1.000000,0.000000,0.000000,0.000000,0.746667,0.740000,0.732857,0.733333,0.731818,0.732308,0.734667,0.711000,1.000000
2021-04-15,0.782514,1.000000,1.000000,0.790000,0.828450,0.829598,0.927932,0.945588,1.000000,1.000000,1.000000,1.000000,0.000000,0.000000,0.000000,0.760000,0.758000,0.741429,0.737778,0.736364,0.736154,0.736667,0.713667,1.000000
2021-04-16,0.750316,0.959706,0.612426,0.780000,0.851899,0.844428,0.932908,0.950672,1.000000,1.000000,1.000000,1.000000,0.000000,0.000000,0.000000,0.773333,0.762000,0.752857,0.744444,0.742727,0.740000,0.739333,0.716000,1.000000
2021-04-17,0.708692,0.913526,0.448615,0.760000,0.861947,0.853088,0.939848,0.956453,1.000000,1.000000,1.000000,1.000000,0.000000,0.000000,0.000000,0.776667,0.764000,0.761429,0.747778,0.743636,0.741538,0.740667,0.717333,1.000000
2021-04-18,0.686570,0.884508,0.318230,0.790000,0.862879,0.864654,0.946239,0.962018,1.000000,1.000000,1.000000,1.000000,0.000000,0.000000,0.000000,0.776667,0.774000,0.765714,0.757778,0.750000,0.747692,0.744667,0.720000,1.000000
2021-04-19,0.577805,0.753172,0.614660,0.740000,0.839847,0.860539,0.950008,0.964284,1.000000,1.000000,1.000000,1.000000,0.000000,0.000000,0.000000,0.763333,0.772000,0.764286,0.762222,0.750909,0.746923,0.744667,0.719667,1.000000
2021-04-20,0.515338,0.677822,0.332931,0.730000,0.781132,0.847237,0.950536,0.966163,1.000000,1.000000,1.000000,1.000000,0.000000,0.000000,0.000000,0.753333,0.760000,0.762857,0.758889,0.753636,0.747692,0.746000,0.719667,1.000000
2021-04-21,0.527922,0.695892,0.338996,0.730000,0.732259,0.833854,0.948716,0.966222,1.000000,1.000000,1.000000,1.000000,0.000000,0.000000,0.000000,0.733333,0.750000,0.760000,0.756667,0.756364,0.747692,0.744667,0.720667,1.000000
2021-04-22,0.502830,0.668879,0.294035,0.650000,0.687018,0.815330,0.946099,0.965686,1.000000,1.000000,1.000000,1.000000,0.000000,0.000000,0.000000,0.703333,0.728000,0.740000,0.746667,0.746364,0.743846,0.740000,0.720333,1.000000
2021-04-23,0.463249,0.617198,0.316177,0.550000,0.637941,0.789988,0.940101,0.963870,1.000000,1.000000,1.000000,1.000000,0.000000,0.000000,0.000000,0.643333,0.680000,0.707143,0.724444,0.728182,0.732308,0.728000,0.717000,0.000000
2021-04-24,0.448021,0.595943,0.381349,0.370000,0.609420,0.762852,0.932169,0.962630,0.999786,1.000000,1.000000,1.000000,0.000000,0.000000,0.000000,0.523333,0.606000,0.651429,0.677778,0.694545,0.702308,0.706000,0.709333,0.000000
2021-04-25,0.409821,0.556732,0.192041,0.310000,0.586231,0.719740,0.922159,0.960983,0.997225,1.000000,1.000000,1.000000,0.000000,0.000000,0.000000,0.410000,0.522000,0.582857,0.625556,0.654545,0.668462,0.680000,0.701667,0.000000
2021-04-26,0.403907,0.543484,0.146728,0.270000,0.558978,0.679669,0.913095,0.958813,0.992953,1.000000,1.000000,1.000000,0.000000,0.000000,0.000000,0.316667,0.430000,0.515714,0.571111,0.607273,0.632308,0.647333,0.689000,0.000000
2021-04-27,0.502043,0.659542,0.270687,0.500000,0.558805,0.655765,0.909723,0.958526,0.988743,1.000000,1.000000,1.000000,0.000000,0.000000,0.000000,0.360000,0.400000,0.482857,0.538889,0.581818,0.613077,0.630667,0.681000,1.000000
2021-04-28,0.533306,0.700526,0.230896,0.590000,0.574200,0.638036,0.907338,0.959639,0.983277,1.000000,1.000000,1.000000,0.000000,0.000000,0.000000,0.453333,0.408000,0.462857,0.522222,0.566364,0.597692,0.620667,0.676667,1.000000
2021-04-29,0.548899,0.718646,0.288188,0.520000,0.596369,0.634692,0.906705,0.961011,0.974367,1.000000,1.000000,1.000000,0.000000,0.000000,0.000000,0.536667,0.438000,0.444286,0.498889,0.541818,0.577692,0.605333,0.670000,1.000000
2021-04-30,0.541528,0.712822,0.263245,0.510000,0.625313,0.637722,0.904362,0.961966,0.967453,1.000000,1.000000,1.000000,0.000000,0.000000,0.000000,0.540000,0.478000,0.438571,0.474444,0.520909,0.558462,0.586667,0.661667,1.000000
2021-05-01,0.646090,0.831176,0.494905,0.680000,0.678536,0.651391,0.905698,0.965600,0.964954,1.000000,1.000000,1.000000,0.000000,0.000000,0.000000,0.570000,0.560000,0.482857,0.477778,0.516364,0.550000,0.580000,0.659667,2.000000
2021-05-02,0.623766,0.812076,0.540358,0.660000,0.705286,0.665380,0.905138,0.967774,0.962257,1.000000,1.000000,1.000000,0.000000,0.000000,0.000000,0.616667,0.592000,0.532857,0.490000,0.510000,0.543846,0.573333,0.657000,2.000000
2021-05-03,0.612157,0.794258,0.291230,0.610000,0.722614,0.682605,0.906562,0.967758,0.960054,1.000000,1.000000,1.000000,0.000000,0.000000,0.000000,0.650000,0.596000,0.581429,0.516667,0.506364,0.534615,0.561333,0.653000,2.000000
2021-05-04,0.715828,0.919036,0.656593,0.680000,0.759298,0.713584,0.912267,0.971904,0.959706,1.000000,1.000000,1.000000,0.000000,0.000000,0.000000,0.650000,0.628000,0.607143,0.557778,0.518182,0.530769,0.557333,0.651000,2.000000
2021-05-05,0.595514,0.779887,0.436031,0.480000,0.771162,0.735064,0.910328,0.972579,0.955280,1.000000,1.000000,1.000000,0.000000,0.000000,0.000000,0.590000,0.622000,0.591429,0.581111,0.528182,0.517692,0.540667,0.643333,2.000000
2021-05-06,0.700538,0.903574,0.277113,0.650000,0.783128,0.769377,0.913498,0.973763,0.953732,1.000000,1.000000,1.000000,0.000000,0.000000,0.000000,0.603333,0.616000,0.610000,0.597778,0.559091,0.525385,0.535333,0.640000,2.000000
2021-05-07,0.759527,0.971789,0.492234,0.640000,0.812963,0.799162,0.918875,0.976892,0.954452,1.000000,1.000000,1.000000,0.000000,0.000000,0.000000,0.590000,0.612000,0.628571,0.603333,0.592727,0.546154,0.534667,0.637333,2.000000
2021-05-08,0.757844,0.971608,0.700932,0.670000,0.844979,0.825135,0.923081,0.979484,0.955192,1.000000,1.000000,1.000000,0.000000,0.000000,0.000000,0.653333,0.624000,0.627143,0.620000,0.608182,0.573846,0.542667,0.635333,2.000000
2021-05-09,0.761004,0.975442,0.286028,0.730000,0.854907,0.849670,0.927447,0.979247,0.957659,1.000000,1.000000,1.000000,0.000000,0.000000,0.000000,0.680000,0.634000,0.637143,0.644444,0.620909,0.609231,0.566667,0.636333,2.000000
2021-05-10,0.755985,0.968457,0.305033,0.717500,0.890172,0.874478,0.925969,0.981065,0.962110,1.000000,1.000000,1.000000,0.000000,0.000000,0.000000,0.705833,0.681500,0.652500,0.648611,0.638864,0.625962,0.593833,0.636917,2.000000
2021-05-11,0.750965,0.961471,0.324039,0.705000,0.901254,0.886609,0.926005,0.983718,0.965530,1.000000,1.000000,1.000000,0.000000,0.000000,0.000000,0.717500,0.692500,0.656071,0.653611,0.656591,0.634808,0.622833,0.635083,2.000000
2021-05-12,0.740926,0.947501,0.362050,0.680000,0.897166,0.900162,0.927800,0.988340,0.970041,1.000000,1.000000,1.000000,0.000000,0.000000,0.000000,0.700833,0.700500,0.684643,0.661389,0.656591,0.647115,0.634833,0.632750,2.000000
2021-05-13,0.663541,0.906050,0.659821,0.310000,0.876442,0.906106,0.926518,0.991044,0.973316,1.000000,1.000000,1.000000,0.000000,0.000000,0.000000,0.565000,0.628500,0.636071,0.620278,0.624773,0.631731,0.616167,0.618417,2.000000
2021-05-14,0.695405,0.880022,0.586147,0.260000,0.862026,0.903743,0.933067,0.996504,0.977157,1.000000,1.000000,1.000000,0.000000,0.000000,0.000000,0.416667,0.534500,0.581786,0.595833,0.592955,0.599423,0.598833,0.602083,2.000000
2021-05-15,0.741928,0.949696,0.442543,0.270000,0.858937,0.920680,0.945686,1.000000,0.982892,1.000000,1.000000,1.000000,0.000000,0.000000,0.000000,0.280000,0.445000,0.524643,0.553611,0.555682,0.569423,0.582833,0.584750,2.000000
2021-05-16,0.683643,0.885574,0.601410,0.200000,0.844142,0.918725,0.954358,1.000000,0.986007,1.000000,1.000000,1.000000,0.000000,0.000000,0.000000,0.243333,0.344000,0.448929,0.504722,0.530227,0.537885,0.550833,0.565417,2.000000
2021-05-17,0.721027,0.923144,0.625287,0.270000,0.839769,0.914272,0.966509,1.000000,0.989957,1.000000,1.000000,1.000000,0.000000,0.000000,0.000000,0.246667,0.262000,0.385000,0.460278,0.495682,0.506346,0.524833,0.549083,2.000000
2021-05-18,0.665900,0.871056,0.551830,0.210000,0.840288,0.903636,0.977795,1.000000,0.992743,1.000000,1.000000,1.000000,0.000000,0.000000,0.000000,0.226667,0.242000,0.314286,0.402500,0.456591,0.485577,0.498167,0.529750,2.000000
2021-05-19,0.734878,0.932663,0.476698,0.230000,0.848962,0.900614,0.993770,1.000000,0.997577,1.000000,1.000000,1.000000,0.000000,0.000000,0.000000,0.236667,0.236000,0.250000,0.348333,0.416591,0.453269,0.468167,0.512750,2.000000
2021-05-20,0.453972,0.618279,0.760122,0.110000,0.785681,0.865679,0.996229,0.996079,0.997345,0.998750,1.000000,1.000000,0.000000,0.000000,0.000000,0.183333,0.204000,0.221429,0.282222,0.360227,0.412500,0.443500,0.492083,2.000000
2021-05-21,0.477190,0.633267,0.460887,0.190000,0.740311,0.834010,1.000000,0.993492,0.997338,0.996662,1.000000,1.000000,0.000000,0.000000,0.000000,0.176667,0.202000,0.211429,0.227778,0.312273,0.375577,0.412833,0.474083,2.000000
2021-05-22,0.408038,0.547549,0.337933,0.120000,0.671528,0.795503,0.994766,0.989023,0.995290,0.992176,1.000000,1.000000,0.000000,0.000000,0.000000,0.140000,0.172000,0.190000,0.206667,0.259091,0.328654,0.378167,0.456417,2.000000
2021-05-23,0.345464,0.476305,0.200040,0.140000,0.601109,0.758709,0.984309,0.982353,0.992326,0.985389,1.000000,1.000000,0.000000,0.000000,0.000000,0.150000,0.158000,0.181429,0.193333,0.210000,0.284231,0.342833,0.442750,2.000000
2021-05-24,0.280730,0.396104,0.339434,0.100000,0.501305,0.710741,0.969379,0.974270,0.987949,0.974884,1.000000,1.000000,0.000000,0.000000,0.000000,0.120000,0.132000,0.157143,0.174444,0.190909,0.237692,0.300833,0.433750,1.000000
2021-05-25,0.356700,0.491071,0.334322,0.220000,0.479928,0.666180,0.959089,0.967709,0.984938,0.967071,1.000000,1.000000,0.000000,0.000000,0.000000,0.153333,0.154000,0.158571,0.176667,0.187273,0.202308,0.267667,0.430750,2.000000
2021-05-26,0.357103,0.493086,0.238692,0.220000,0.453538,0.628407,0.943001,0.960046,0.981666,0.961002,1.000000,1.000000,0.000000,0.000000,0.000000,0.180000,0.160000,0.157143,0.171111,0.182727,0.195385,0.235333,0.429083,2.000000
2021-05-27,0.383467,0.519523,0.235623,0.270000,0.448138,0.589360,0.929623,0.952807,0.978377,0.955497,1.000000,1.000000,0.000000,0.000000,0.000000,0.236667,0.190000,0.180000,0.177778,0.189091,0.196154,0.208000,0.421417,2.000000
2021-05-28,0.347988,0.482623,0.160126,0.210000,0.448693,0.552585,0.914916,0.945908,0.973149,0.950010,1.000000,1.000000,0.000000,0.000000,0.000000,0.233333,0.204000,0.182857,0.175556,0.183636,0.191538,0.201333,0.408750,2.000000
2021-05-29,0.297185,0.420086,0.163362,0.180000,0.452309,0.501955,0.891609,0.936765,0.967658,0.943638,1.000000,1.000000,0.000000,0.000000,0.000000,0.220000,0.220000,0.191429,0.183333,0.180909,0.190000,0.196000,0.397417,2.000000
2021-05-30,0.283268,0.405824,0.104082,0.100000,0.436172,0.482208,0.874225,0.926729,0.961944,0.935805,1.000000,1.000000,1.000000,0.000000,0.000000,0.163333,0.196000,0.185714,0.173333,0.169091,0.176923,0.184667,0.383750,2.000000
2021-05-31,0.290111,0.411956,0.079752,0.180000,0.421450,0.460568,0.851376,0.916507,0.954631,0.928665,1.000000,1.000000,1.000000,0.000000,0.000000,0.153333,0.188000,0.197143,0.180000,0.175455,0.174615,0.183333,0.367083,2.000000
2021-06-01,0.321881,0.451210,0.103175,0.200000,0.407915,0.450602,0.827011,0.906645,0.948085,0.922805,1.000000,1.000000,1.000000,0.000000,0.000000,0.160000,0.174000,0.194286,0.186667,0.176364,0.172308,0.178667,0.351750,2.000000
2021-06-02,0.317793,0.447373,0.096407,0.230000,0.401280,0.447401,0.802512,0.896104,0.941130,0.916925,1.000000,1.000000,1.000000,0.000000,0.000000,0.203333,0.178000,0.195714,0.201111,0.186364,0.181538,0.180000,0.339083,2.000000
2021-06-03,0.338393,0.472391,0.121225,0.240000,0.410336,0.454071,0.778984,0.886151,0.932625,0.912577,1.000000,1.000000,1.000000,0.000000,0.000000,0.223333,0.190000,0.191429,0.203333,0.195455,0.185385,0.180667,0.324417,2.000000
2021-06-04,0.370765,0.514994,0.142082,0.270000,0.429564,0.455698,0.757538,0.874244,0.926235,0.910242,1.000000,1.000000,1.000000,0.000000,0.000000,0.246667,0.224000,0.200000,0.208889,0.210909,0.196923,0.191333,0.317417,2.000000
2021-06-05,0.326620,0.459171,0.132520,0.240000,0.437587,0.452172,0.733913,0.861993,0.919632,0.906574,1.000000,1.000000,1.000000,0.000000,0.000000,0.250000,0.236000,0.208571,0.205556,0.212727,0.204615,0.194667,0.303750,2.000000
2021-06-06,0.302648,0.428809,0.108448,0.170000,0.433360,0.442823,0.709513,0.850252,0.914073,0.903508,1.000000,1.000000,1.000000,0.000000,0.000000,0.226667,0.230000,0.218571,0.201111,0.208182,0.210000,0.198000,0.288083,2.000000
2021-06-07,0.308214,0.435122,0.054976,0.150000,0.431255,0.438222,0.689731,0.839312,0.908867,0.900740,1.000000,1.000000,1.000000,0.000000,0.000000,0.186667,0.214000,0.214286,0.197778,0.197273,0.204615,0.198667,0.270750,2.000000
2021-06-08,0.265795,0.516054,0.153780,0.130000,0.415301,0.434591,0.665814,0.830290,0.904042,0.897305,1.000000,1.000000,1.000000,0.000000,0.000000,0.150000,0.192000,0.204286,0.201111,0.190000,0.197692,0.200667,0.250750,2.000000
2021-06-09,0.266619,0.515824,0.142915,0.170000,0.392414,0.432665,0.639352,0.823098,0.899317,0.894604,1.000000,1.000000,1.000000,0.000000,0.000000,0.150000,0.172000,0.195714,0.200000,0.189091,0.190000,0.197333,0.232500,2.000000
2021-06-10,0.267443,0.515594,0.132051,0.210000,0.379409,0.430043,0.616181,0.815566,0.893527,0.890829,1.000000,1.000000,1.000000,0.000000,0.000000,0.170000,0.166000,0.191429,0.201111,0.199091,0.190000,0.196667,0.216000,2.000000
2021-06-11,0.246090,0.481179,0.114057,0.245000,0.366980,0.421276,0.589740,0.808142,0.887527,0.886813,1.000000,1.000000,1.000000,0.000000,0.000000,0.208333,0.181000,0.187857,0.202778,0.205000,0.195000,0.195000,0.201500,1.000000
2021-06-12,0.224738,0.446765,0.096064,0.280000,0.348635,0.410512,0.565179,0.801245,0.880690,0.882430,1.000000,1.000000,1.000000,0.000000,0.000000,0.245000,0.207000,0.193571,0.207222,0.212273,0.208846,0.199667,0.200500,1.000000
2021-06-13,0.228655,0.455727,0.099493,0.230000,0.340473,0.397818,0.536997,0.794902,0.873544,0.878611,1.000000,1.000000,1.000000,0.000000,0.000000,0.251667,0.227000,0.202143,0.202778,0.212273,0.212692,0.203000,0.199500,1.000000
2021-06-14,0.253931,0.491114,0.117885,0.280000,0.337685,0.384303,0.525860,0.790394,0.866915,0.875518,1.000000,1.000000,1.000000,0.000000,0.000000,0.263333,0.249000,0.220714,0.207222,0.215909,0.218846,0.215000,0.199833,2.000000
2021-06-15,0.260908,0.505076,0.110634,0.380000,0.336249,0.376701,0.513819,0.786259,0.860876,0.872353,1.000000,1.000000,1.000000,0.000000,0.000000,0.296667,0.283000,0.256429,0.230556,0.225909,0.230385,0.228333,0.205833,2.000000
2021-06-16,0.253352,0.493711,0.102957,0.330000,0.337845,0.370999,0.505207,0.779068,0.854768,0.868579,1.000000,1.000000,1.000000,0.000000,0.000000,0.330000,0.300000,0.279286,0.250556,0.234091,0.237308,0.237000,0.207833,2.000000
2021-06-17,0.238568,0.467654,0.100084,0.260000,0.340884,0.362943,0.499256,0.770546,0.848101,0.864826,1.000000,1.000000,1.000000,0.000000,0.000000,0.323333,0.296000,0.286429,0.265000,0.242273,0.236538,0.239000,0.209500,1.000000
2021-06-18,0.255687,0.494725,0.130124,0.250000,0.346825,0.361774,0.497862,0.762067,0.842086,0.861223,1.000000,1.000000,1.000000,0.000000,0.000000,0.280000,0.300000,0.287143,0.273889,0.251364,0.237308,0.239667,0.210167,2.000000
2021-06-19,0.230319,0.456149,0.094169,0.230000,0.341636,0.357575,0.490826,0.753069,0.835108,0.857151,1.000000,1.000000,1.000000,0.000000,0.000000,0.246667,0.290000,0.280000,0.276111,0.260455,0.241923,0.237000,0.214167,1.000000
2021-06-20,0.226312,0.449977,0.044764,0.210000,0.334033,0.352817,0.483544,0.740930,0.827291,0.852821,1.000000,1.000000,1.000000,0.000000,0.000000,0.230000,0.256000,0.277143,0.272222,0.264091,0.246538,0.235000,0.214833,1.000000
2021-06-21,0.237614,0.467366,0.067832,0.230000,0.330574,0.351836,0.475424,0.729764,0.819466,0.848258,1.000000,1.000000,1.000000,0.000000,0.000000,0.223333,0.236000,0.270000,0.266667,0.265909,0.254231,0.239000,0.218500,2.000000
2021-06-22,0.180922,0.382934,0.106166,0.100000,0.317906,0.346768,0.466123,0.717295,0.811454,0.841952,0.999640,1.000000,1.000000,0.000000,0.000000,0.180000,0.204000,0.230000,0.252222,0.252727,0.248846,0.235667,0.217167,1.000000
2021-06-23,0.165843,0.349963,0.140438,0.140000,0.298162,0.339502,0.458811,0.701392,0.802615,0.835973,0.999061,1.000000,1.000000,0.000000,0.000000,0.156667,0.182000,0.202857,0.236667,0.240000,0.243462,0.236333,0.218500,1.000000
2021-06-24,0.185535,0.383234,0.089755,0.220000,0.288320,0.331590,0.453370,0.689537,0.793830,0.830320,0.998818,1.000000,1.000000,0.000000,0.000000,0.153333,0.180000,0.197143,0.218889,0.239091,0.241538,0.239667,0.218500,1.000000
2021-06-25,0.185272,0.383482,0.063766,0.270000,0.279301,0.322841,0.447533,0.674638,0.784777,0.823380,0.998634,1.000000,1.000000,0.000000,0.000000,0.210000,0.192000,0.200000,0.212222,0.238182,0.240769,0.243667,0.220167,1.000000
2021-06-26,0.163418,0.348193,0.062502,0.200000,0.262996,0.312438,0.438711,0.657401,0.774911,0.816225,0.998199,1.000000,1.000000,0.000000,0.000000,0.230000,0.186000,0.195714,0.205556,0.221818,0.238462,0.240667,0.217833,1.000000
2021-06-27,0.157891,0.338932,0.051598,0.220000,0.257934,0.303105,0.429809,0.640053,0.764553,0.808746,0.997952,1.000000,1.000000,0.000000,0.000000,0.230000,0.210000,0.197143,0.202222,0.211818,0.233846,0.236667,0.218167,1.000000
2021-06-28,0.174014,0.365101,0.041029,0.250000,0.259730,0.293658,0.420658,0.623079,0.754508,0.800055,0.997689,1.000000,1.000000,0.000000,0.000000,0.223333,0.232000,0.200000,0.204444,0.210909,0.223846,0.238000,0.220500,1.000000
2021-06-29,0.181627,0.376685,0.054840,0.250000,0.258871,0.288026,0.410128,0.606472,0.742640,0.792568,0.997612,1.000000,1.000000,0.000000,0.000000,0.240000,0.238000,0.221429,0.208889,0.210909,0.217692,0.236000,0.225500,1.000000
2021-06-30,0.193356,0.398593,0.074052,0.280000,0.260648,0.284213,0.402709,0.590348,0.731640,0.785738,0.997577,1.000000,1.000000,0.000000,0.000000,0.260000,0.240000,0.241429,0.214444,0.215455,0.219231,0.229333,0.228833,1.000000
2021-07-01,0.195105,0.399049,0.067696,0.280000,0.267612,0.279296,0.396721,0.574565,0.721496,0.780057,0.997181,1.000000,1.000000,0.000000,0.000000,0.270000,0.256000,0.250000,0.234444,0.221818,0.221538,0.226000,0.231500,1.000000
2021-07-02,0.180602,0.375663,0.040687,0.210000,0.272603,0.279259,0.389617,0.560601,0.711503,0.774343,0.996695,1.000000,1.000000,0.000000,0.000000,0.256667,0.254000,0.241429,0.242222,0.220000,0.220000,0.222667,0.230833,1.000000
2021-07-03,0.177337,0.369907,0.050312,0.240000,0.273333,0.280589,0.384692,0.545620,0.703594,0.769482,0.996102,1.000000,1.000000,0.000000,0.000000,0.243333,0.252000,0.247143,0.244444,0.232727,0.222308,0.222000,0.230833,1.000000
2021-07-04,0.184885,0.380756,0.047072,0.270000,0.274049,0.280514,0.380142,0.529513,0.697067,0.764794,0.995250,1.000000,1.000000,0.000000,0.000000,0.240000,0.256000,0.254286,0.244444,0.244545,0.225385,0.224667,0.230833,1.000000
2021-07-05,0.205459,0.415957,0.075215,0.290000,0.276709,0.282849,0.376691,0.515686,0.690698,0.759607,0.994521,1.000000,1.000000,0.000000,0.000000,0.266667,0.258000,0.260000,0.254444,0.250909,0.240000,0.230000,0.232500,1.000000
2021-07-06,0.199944,0.407050,0.080948,0.200000,0.277772,0.287074,0.374122,0.500618,0.684716,0.754496,0.993056,1.000000,1.000000,0.000000,0.000000,0.253333,0.242000,0.252857,0.252222,0.244545,0.244615,0.228000,0.233500,1.000000
2021-07-07,0.225592,0.448499,0.146778,0.280000,0.287659,0.294905,0.374170,0.487887,0.680022,0.749452,0.991878,1.000000,1.000000,0.000000,0.000000,0.256667,0.256000,0.252857,0.255556,0.251818,0.249231,0.240000,0.237833,1.000000
2021-07-08,0.219949,0.439072,0.111513,0.200000,0.297024,0.300219,0.373685,0.472997,0.675518,0.744041,0.989093,1.000000,1.000000,0.000000,0.000000,0.226667,0.248000,0.241429,0.250000,0.250000,0.243846,0.244000,0.240167,1.000000
2021-07-09,0.201053,0.408620,0.084127,0.200000,0.300577,0.302466,0.370741,0.465684,0.671394,0.738366,0.985146,1.000000,1.000000,0.000000,0.000000,0.226667,0.234000,0.240000,0.241111,0.245455,0.243846,0.242667,0.241167,1.000000
2021-07-10,0.210860,0.423578,0.077348,0.200000,0.301764,0.304491,0.367955,0.457983,0.667582,0.733169,0.980373,1.000000,1.000000,0.000000,0.000000,0.200000,0.216000,0.234286,0.232222,0.240909,0.242308,0.238000,0.240833,1.000000
2021-07-11,0.199130,0.405519,0.039701,0.200000,0.301585,0.304956,0.364936,0.451942,0.661599,0.727860,0.974356,1.000000,1.000000,0.000000,0.000000,0.200000,0.216000,0.224286,0.231111,0.233636,0.238462,0.238000,0.239333,0.000000
2021-07-12,0.205255,0.414879,0.035408,0.250000,0.297115,0.307808,0.363082,0.447888,0.655120,0.722443,0.967303,1.000000,1.000000,0.000000,0.000000,0.216667,0.210000,0.218571,0.232222,0.230909,0.238462,0.240000,0.238333,0.000000
2021-07-13,0.201737,0.409459,0.063925,0.200000,0.293113,0.310631,0.360078,0.445604,0.648263,0.717207,0.957994,1.000000,1.000000,0.000000,0.000000,0.216667,0.210000,0.218571,0.224444,0.230000,0.232308,0.236667,0.237333,0.000000
2021-07-14,0.194940,0.399433,0.054002,0.210000,0.291770,0.311794,0.358108,0.440926,0.641418,0.711530,0.949871,1.000000,1.000000,0.000000,0.000000,0.220000,0.212000,0.208571,0.215556,0.227273,0.226923,0.234000,0.235000,0.000000
2021-07-15,0.192555,0.395053,0.054206,0.200000,0.287747,0.310301,0.356229,0.436168,0.632460,0.705256,0.943107,1.000000,1.000000,0.000000,0.000000,0.203333,0.212000,0.208571,0.215556,0.220909,0.226154,0.228667,0.229000,0.000000
2021-07-16,0.182029,0.379398,0.040494,0.220000,0.283988,0.308229,0.353134,0.430343,0.623736,0.698657,0.936364,1.000000,1.000000,0.000000,0.000000,0.210000,0.216000,0.211429,0.208889,0.214545,0.224615,0.224667,0.225333,0.000000
2021-07-17,0.172666,0.362256,0.049266,0.150000,0.276827,0.302106,0.352675,0.425274,0.615055,0.692612,0.929938,1.000000,1.000000,0.000000,0.000000,0.190000,0.196000,0.204286,0.203333,0.210000,0.215385,0.220667,0.221667,0.000000
2021-07-18,0.174071,0.365813,0.028981,0.190000,0.270747,0.296799,0.353133,0.421714,0.604355,0.686195,0.923416,1.000000,1.000000,0.000000,0.000000,0.186667,0.194000,0.202857,0.202222,0.201818,0.207692,0.217333,0.219667,0.000000
2021-07-19,0.171569,0.360867,0.030204,0.240000,0.265611,0.293389,0.352355,0.418484,0.595982,0.679494,0.915859,1.000000,1.000000,1.000000,0.000000,0.193333,0.200000,0.201429,0.206667,0.205455,0.210769,0.215333,0.220000,0.000000
2021-07-20,0.160945,0.344057,0.030439,0.190000,0.258664,0.287615,0.351001,0.414749,0.585325,0.672445,0.908653,1.000000,1.000000,1.000000,0.000000,0.206667,0.198000,0.200000,0.205556,0.204545,0.203846,0.208667,0.219333,0.000000
2021-07-21,0.146590,0.320476,0.042580,0.100000,0.250876,0.281537,0.350064,0.409680,0.573219,0.664902,0.901931,1.000000,1.000000,1.000000,0.000000,0.176667,0.174000,0.184286,0.188889,0.195455,0.196154,0.202000,0.215000,0.000000
2021-07-22,0.163983,0.347613,0.050646,0.210000,0.248968,0.276763,0.350403,0.405233,0.561490,0.657331,0.895443,1.000000,1.000000,1.000000,0.000000,0.166667,0.186000,0.185714,0.190000,0.196364,0.196923,0.197333,0.218667,0.000000
2021-07-23,0.173180,0.363685,0.039497,0.230000,0.248772,0.273460,0.350357,0.400456,0.549880,0.649891,0.890045,1.000000,1.000000,1.000000,0.000000,0.180000,0.194000,0.187143,0.192222,0.194545,0.199231,0.199333,0.221667,0.000000
2021-07-24,0.176941,0.369931,0.035851,0.220000,0.249953,0.271378,0.350096,0.394851,0.538444,0.641046,0.885921,1.000000,1.000000,1.000000,0.000000,0.220000,0.190000,0.197143,0.194444,0.196364,0.200769,0.200667,0.221667,0.000000
2021-07-25,0.179219,0.373375,0.043529,0.270000,0.253969,0.269835,0.349309,0.390589,0.527152,0.632704,0.881274,1.000000,1.000000,1.000000,0.000000,0.240000,0.206000,0.208571,0.200000,0.201818,0.202308,0.205333,0.221667,0.000000
2021-07-26,0.182185,0.378146,0.034371,0.260000,0.261791,0.269853,0.348590,0.387106,0.516116,0.625014,0.877422,1.000000,1.000000,1.000000,0.000000,0.250000,0.238000,0.211429,0.212222,0.207273,0.206923,0.209333,0.223667,0.000000
2021-07-27,0.184976,0.384046,0.098473,0.320000,0.266405,0.271277,0.348833,0.383542,0.506664,0.617688,0.873774,1.000000,1.000000,1.000000,0.000000,0.283333,0.260000,0.230000,0.226667,0.216364,0.215385,0.214000,0.227000,0.000000
2021-07-28,0.193699,0.395769,0.056649,0.500000,0.270914,0.273547,0.349744,0.381457,0.496755,0.612078,0.870192,1.000000,1.000000,1.000000,0.000000,0.360000,0.314000,0.287143,0.255556,0.248182,0.238462,0.234000,0.235333,0.000000
2021-07-29,0.201600,0.409449,0.074854,0.500000,0.276333,0.277021,0.350675,0.379577,0.486084,0.607495,0.867277,1.000000,1.000000,1.000000,0.000000,0.440000,0.370000,0.328571,0.290000,0.276364,0.260000,0.253333,0.243667,0.000000
2021-07-30,0.204164,0.416881,0.075404,0.530000,0.281815,0.282021,0.350603,0.377748,0.476614,0.602767,0.863525,1.000000,1.000000,1.000000,0.000000,0.510000,0.422000,0.371429,0.337778,0.302727,0.289231,0.275333,0.252000,0.000000
2021-07-31,0.216905,0.436697,0.074784,0.600000,0.289445,0.290154,0.351547,0.376904,0.466657,0.598590,0.859979,1.000000,1.000000,1.000000,0.000000,0.543333,0.490000,0.425714,0.381111,0.340000,0.320769,0.300667,0.262667,0.000000
2021-08-01,0.229170,0.456906,0.074829,0.600000,0.299157,0.297695,0.351746,0.377032,0.458031,0.595172,0.856531,1.000000,1.000000,1.000000,0.000000,0.576667,0.546000,0.472857,0.422222,0.385455,0.348462,0.330667,0.275667,0.000000
2021-08-02,0.214309,0.432399,0.099830,0.480000,0.303686,0.302453,0.351432,0.376617,0.447750,0.591758,0.853315,1.000000,1.000000,1.000000,0.000000,0.560000,0.542000,0.504286,0.451111,0.410000,0.370769,0.350000,0.283667,0.000000
2021-08-03,0.219466,0.441368,0.060728,0.480000,0.307612,0.307372,0.352457,0.375621,0.443118,0.588978,0.850444,1.000000,1.000000,1.000000,0.000000,0.520000,0.538000,0.527143,0.474444,0.432727,0.400000,0.366000,0.290667,0.000000
2021-08-04,0.209428,0.425307,0.070119,0.420000,0.308769,0.310866,0.352377,0.374132,0.437830,0.586137,0.847317,1.000000,1.000000,1.000000,0.000000,0.460000,0.516000,0.515714,0.492222,0.450909,0.416154,0.381333,0.295000,0.000000
2021-08-05,0.230055,0.458166,0.057290,0.500000,0.311659,0.316404,0.354099,0.373458,0.434314,0.582165,0.844033,1.000000,1.000000,1.000000,0.000000,0.466667,0.496000,0.515714,0.512222,0.471818,0.436923,0.408000,0.305000,0.000000
2021-08-06,0.234127,0.464906,0.062674,0.520000,0.312749,0.322089,0.355706,0.373330,0.432115,0.577795,0.840984,1.000000,1.000000,1.000000,0.000000,0.480000,0.480000,0.514286,0.514444,0.495455,0.460000,0.428667,0.313000,0.000000
2021-08-07,0.255599,0.499724,0.091592,0.690000,0.321822,0.329249,0.358705,0.373327,0.431619,0.573511,0.838107,1.000000,1.000000,1.000000,0.000000,0.570000,0.522000,0.527143,0.535556,0.529091,0.492308,0.459333,0.329333,0.000000
2021-08-08,0.274619,0.526285,0.114544,0.740000,0.333943,0.337696,0.363141,0.374608,0.429998,0.569612,0.835372,1.000000,1.000000,1.000000,0.000000,0.650000,0.574000,0.547143,0.558889,0.550909,0.529231,0.494000,0.347333,0.000000
2021-08-09,0.254871,0.498433,0.072258,0.650000,0.343930,0.343562,0.366610,0.375434,0.427979,0.563898,0.832249,1.000000,1.000000,1.000000,0.000000,0.693333,0.620000,0.571429,0.564444,0.564545,0.554615,0.519333,0.362333,0.000000
2021-08-10,0.283110,0.540911,0.130996,0.710000,0.355589,0.351220,0.372238,0.376750,0.425997,0.558923,0.829136,1.000000,1.000000,1.000000,0.000000,0.700000,0.662000,0.604286,0.576667,0.580909,0.570769,0.549333,0.379333,0.000000
2021-08-11,0.291824,0.557288,0.116137,0.700000,0.368269,0.358467,0.378872,0.379957,0.424887,0.554244,0.825395,1.000000,1.000000,1.000000,0.000000,0.686667,0.698000,0.644286,0.601111,0.590000,0.586154,0.574667,0.394333,0.000000
2021-08-12,0.296468,0.565702,0.112256,0.700000,0.377250,0.367971,0.385686,0.383734,0.424873,0.548119,0.822145,1.000000,1.000000,1.000000,0.000000,0.703333,0.700000,0.672857,0.625556,0.599091,0.599231,0.588000,0.411000,0.000000
2021-08-13,0.292567,0.559696,0.101500,0.700000,0.381194,0.376427,0.392422,0.386829,0.425057,0.543694,0.818880,1.000000,1.000000,1.000000,0.000000,0.700000,0.692000,0.698571,0.656667,0.619091,0.606923,0.601333,0.427333,0.000000
2021-08-14,0.326920,0.615857,0.104991,0.760000,0.397027,0.390018,0.401662,0.390924,0.425784,0.538237,0.814992,1.000000,1.000000,1.000000,0.000000,0.720000,0.714000,0.708571,0.685556,0.644545,0.619231,0.616667,0.446000,0.000000
2021-08-15,0.325137,0.613780,0.101150,0.710000,0.406263,0.401017,0.411602,0.395601,0.425848,0.531892,0.811165,1.000000,1.000000,1.000000,0.000000,0.723333,0.714000,0.704286,0.706667,0.670909,0.636923,0.624000,0.462333,0.000000
2021-08-16,0.339905,0.636157,0.087493,0.720000,0.416829,0.413253,0.421396,0.400864,0.426285,0.525788,0.807317,1.000000,1.000000,1.000000,0.000000,0.730000,0.718000,0.714286,0.710000,0.690909,0.655385,0.632000,0.481333,0.000000
2021-08-17,0.366854,0.679479,0.139195,0.723750,0.432298,0.426122,0.432179,0.406440,0.426847,0.520031,0.802627,1.000000,1.000000,1.000000,0.000000,0.717917,0.722750,0.716250,0.708194,0.709432,0.678750,0.648250,0.499125,0.000000
2021-08-18,0.393803,0.722800,0.190898,0.727500,0.454545,0.439909,0.444252,0.412575,0.427302,0.514741,0.799123,1.000000,1.000000,1.000000,0.000000,0.723750,0.728250,0.720179,0.716806,0.712841,0.696250,0.664750,0.515375,0.000000
2021-08-19,0.447701,0.809442,0.294302,0.735000,0.481089,0.462214,0.459199,0.419930,0.429694,0.510312,0.796636,1.000000,1.000000,1.000000,0.000000,0.728750,0.723250,0.725179,0.719583,0.712386,0.712788,0.685750,0.533542,0.000000
2021-08-20,0.555497,0.982727,0.501111,0.750000,0.531713,0.493723,0.479983,0.430351,0.434687,0.507603,0.796303,1.000000,1.000000,1.000000,0.000000,0.737500,0.731250,0.732321,0.725139,0.721477,0.717404,0.702417,0.555208,0.000000
2021-08-21,0.771088,1.000000,0.914730,0.780000,0.626470,0.549162,0.512613,0.447425,0.443829,0.509174,0.798627,1.000000,1.000000,1.000000,0.000000,0.755000,0.743250,0.735179,0.734028,0.727841,0.720481,0.719750,0.574208,0.000000
2021-08-22,0.889346,1.000000,1.000000,0.760000,0.741293,0.617744,0.551341,0.468013,0.456145,0.512007,0.803049,1.000000,1.000000,1.000000,0.000000,0.763333,0.750500,0.742321,0.740694,0.733295,0.728942,0.724417,0.591875,0.000000
