date,price,market_cap,volume,community_score,public_interest_score,fear_greed,price_5_SMA,price_10_SMA,price_25_SMA,price_50_SMA,price_75_SMA,price_100_SMA,price_150_SMA,price_200_SMA,price_250_SMA,price_300_SMA,price_350_SMA,fear_greed_3_SMA,fear_greed_5_SMA,fear_greed_7_SMA,fear_greed_9_SMA,fear_greed_11_SMA,fear_greed_13_SMA,fear_greed_15_SMA,fear_greed_30_SMA
2020-12-25,1.0,1.0,1.0,1.0,1.0,0.94,1.0,1.0,1.0,1.0,1.0,1.0,1.0,1.0,1.0,1.0,1.0,0.0,0.0,0.0,0.0,0.0,0.0,0.0,0.0
2020-12-26,0.0,0.0,0.0,1.0,1.0,0.93,0.0,0.0,0.0,0.0,0.0,0.0,0.0,0.0,0.0,0.0,0.0,0.0,0.0,0.0,0.0,0.0,0.0,0.0,0.0
2020-12-27,1.0,1.0,1.0,1.0,1.0,0.91,0.0,0.0,0.0,0.0,0.0,0.0,0.0,0.0,0.0,0.0,0.0,0.0,0.0,0.0,0.0,0.0,0.0,0.0,0.0
2020-12-28,0.2931869947523335,0.2590820729391967,0.6955423408684466,0.0,1.0,0.92,0.0,0.0,0.0,0.0,0.0,0.0,0.0,0.0,0.0,0.0,0.0,0.92,0.0,0.0,0.0,0.0,0.0,0.0,0.0
2020-12-29,0.196215139479306,0.18732918542491264,0.15290063264537307,0.0006049682954612812,1.0,0.91,0.0,0.0,0.0,0.0,0.0,0.0,0.0,0.0,0.0,0.0,0.0,0.9133333333333333,0.0,0.0,0.0,0.0,0.0,0.0,0.0
2020-12-30,0.11140073426273249,0.01542104450448841,0.0,1.0,1.0,0.91,1.0,0.0,0.0,0.0,0.0,0.0,0.0,0.0,0.0,0.0,0.0,0.9133333333333333,0.9159999999999999,0.0,0.0,0.0,0.0,0.0,0.0
2020-12-31,0.1349390622697462,0.1157447956814418,0.0,1.0,0.0,0.95,1.0,0.0,0.0,0.0,0.0,0.0,0.0,0.0,0.0,0.0,0.0,0.9233333333333333,0.92,0.0,0.0,0.0,0.0,0.0,0.0
2021-01-01,0.0,0.0,0.0,1.0,0.005859313802287326,0.94,0.933842672121095,0.0,0.0,0.0,0.0,0.0,0.0,0.0,0.0,0.0,0.0,0.9333333333333332,0.9259999999999999,0.9242857142857143,0.0,0.0,0.0,0.0,0.0
2021-01-02,0.08605764927779821,0.08414344773358681,0.07193699134102649,1.0,0.005859313802287326,0.94,0.917717255463219,0.0,0.0,0.0,0.0,0.0,0.0,0.0,0.0,0.0,0.0,0.9433333333333332,0.93,0.9257142857142857,0.0,0.0,0.0,0.0,0.0
2021-01-03,0.0,0.0,0.01876440005489469,1.0,0.005859313802287326,0.93,0.8904361664077988,0.0,0.0,0.0,0.0,0.0,0.0,0.0,0.0,0.0,0.0,0.9366666666666668,0.934,0.9285714285714286,0.9266666666666667,0.0,0.0,0.0,0.0
2021-01-04,0.0,0.0,0.1670049852279646,0.007123645660990039,0.005859313802287326,0.94,0.8531734222790021,1.0,0.0,0.0,0.0,0.0,0.0,0.0,0.0,0.0,0.0,0.9366666666666668,0.94,0.9314285714285714,0.9277777777777777,0.0,0.0,0.0,0.0
2021-01-05,0.02036880462017541,0.0,0.14921772750516943,1.0,0.005859313802287326,0.93,0.8163285094319915,0.9846153756715496,0.0,0.0,0.0,0.0,0.0,0.0,0.0,0.0,0.0,0.9333333333333332,0.9359999999999999,0.9342857142857143,0.93,0.9281818181818181,0.0,0.0,0.0
2021-01-06,0.1920712736092091,0.175513014198654,0.16693018024108194,0.007566707194699934,0.005859313802287326,0.95,0.8073445783930001,0.94388197392529,0.0,0.0,0.0,0.0,0.0,0.0,0.0,0.0,0.0,0.94,0.938,0.94,0.9333333333333332,0.93,0.0,0.0,0.0
2021-01-07,0.3906421823224327,0.40634539552298166,0.4241808454395863,1.0,0.005859313802287326,0.91,0.8111353531720669,0.937195475318782,0.0,0.0,0.0,0.0,0.0,0.0,0.0,0.0,0.0,0.93,0.932,0.9342857142857143,0.9333333333333332,0.93,0.9284615384615384,0.0,0.0
2021-01-08,0.26685278160989356,0.24928505701230097,0.2925881930664684,1.0,0.005859313802287326,0.93,0.8206518606431041,0.9275654551547396,0.0,0.0,0.0,0.0,0.0,0.0,0.0,0.0,0.0,0.93,0.932,0.9328571428571429,0.9355555555555556,0.9309090909090909,0.9284615384615384,0.0,0.0
2021-01-09,0.17061885286465686,0.15493117594491476,0.12716578040982374,0.0009556582260978414,0.005859313802287326,0.93,0.8365202348951871,0.9159677593502488,0.0,0.0,0.0,0.0,0.0,0.0,0.0,0.0,0.0,0.9233333333333333,0.93,0.9314285714285714,0.9333333333333332,0.9327272727272726,0.93,0.9286666666666666,0.0
2021-01-10,0.2809164975213506,0.28337498191145705,0.08303967848696407,9.657755183298338e-06,0.005859313802287326,0.94,0.8607524239648925,0.9091305150435365,0.0,0.0,0.0,0.0,0.0,0.0,0.0,0.0,0.0,0.9333333333333332,0.932,0.9328571428571429,0.9333333333333332,0.9354545454545454,0.9315384615384616,0.9293333333333333,0.0
2021-01-11,0.1623944349109759,0.14217350995996747,0.09028912339296571,1.0136602507645137e-05,0.005859313802287326,0.9,0.8579923351753151,0.9027641873471133,0.0,0.0,0.0,0.0,0.0,0.0,0.0,0.0,0.0,0.9233333333333333,0.922,0.927142857142857,0.9288888888888889,0.9309090909090909,0.9307692307692308,0.9286666666666666,0.0
2021-01-12,0.0,0.0,0.08300488117261155,1.0462894783952672e-05,0.005859313802287326,0.84,0.8180148915858138,0.883147719114596,0.0,0.0,0.0,0.0,0.0,0.0,0.0,0.0,0.0,0.8933333333333333,0.9079999999999999,0.9142857142857143,0.9188888888888889,0.9218181818181819,0.9253846153846154,0.9233333333333333,0.0
2021-01-13,0.0,0.0,0.0,1.0968373381940952e-05,0.005859313802287326,0.78,0.7824305512973375,0.8690165810141911,0.0,0.0,0.0,0.0,0.0,0.0,0.0,0.0,0.0,0.84,0.878,0.89,0.9011111111111112,0.9072727272727273,0.9123076923076923,0.9146666666666667,0.0
2021-01-14,0.24305171964236433,0.24562796872933731,0.11149695926581556,0.000988626045290147,0.005859313802287326,0.83,0.7810180422630362,0.8768529757457336,0.0,0.0,0.0,0.0,0.0,0.0,0.0,0.0,0.0,0.8166666666666668,0.858,0.8785714285714286,0.89,0.8981818181818181,0.9038461538461539,0.9093333333333333,0.0
2021-01-15,0.27535417675132995,0.27509444310802555,0.13436454204849796,0.001000991226416792,0.005859313802287326,0.88,0.7726993656126756,0.8854795479366458,0.0,0.0,0.0,0.0,0.0,0.0,0.0,0.0,0.0,0.83,0.846,0.8714285714285714,0.8822222222222222,0.8927272727272727,0.8992307692307692,0.9046666666666667,0.0
2021-01-16,0.29639105263459886,0.30754879240376704,0.25956450873864534,0.001011774501824947,0.0,0.84,0.7775868194292795,0.8866327734156269,0.0,0.0,0.0,0.0,0.0,0.0,0.0,0.0,0.0,0.85,0.8340000000000001,0.8585714285714287,0.8744444444444445,0.8845454545454545,0.8923076923076922,0.898,0.0
2021-01-17,0.9227083962356432,0.9373734217872762,0.7907434895406661,0.0010244462435769633,0.0,0.79,0.8662168790586523,0.913006919706202,0.0,0.0,0.0,0.0,0.0,0.0,0.0,0.0,0.0,0.8366666666666667,0.8240000000000001,0.8371428571428571,0.8588888888888888,0.87,0.8807692307692307,0.888,0.0
2021-01-18,1.0,1.0,0.987500047104283,2.282707025916174e-05,0.0,0.79,0.9898850458282473,0.9607563711137649,0.0,0.0,0.0,0.0,0.0,0.0,0.0,0.0,0.0,0.8066666666666668,0.826,0.8214285714285714,0.8433333333333333,0.859090909090909,0.87,0.8786666666666666,0.0
2021-01-19,1.0,1.0,1.0,2.3239293068068568e-05,0.0,0.8,1.0,1.0,1.0,0.0,0.0,0.0,0.0,0.0,0.0,0.0,0.0,0.7933333333333333,0.82,0.8157142857142857,0.8277777777777777,0.8472727272727273,0.8584615384615384,0.8693333333333334,0.0
2021-01-20,0.7659804463224483,0.7529523889569193,0.5332908092308224,2.276315802704349e-05,0.0,0.78,1.0,1.0,1.0,0.0,0.0,0.0,0.0,0.0,0.0,0.0,0.0,0.79,0.8,0.8157142857142857,0.8144444444444444,0.8336363636363636,0.8484615384615384,0.8593333333333334,0.0
2021-01-21,0.7205299410574383,0.6975367566368402,0.3292218749393684,0.0010635087522223377,0.0,0.75,1.0,1.0,1.0,0.0,0.0,0.0,0.0,0.0,0.0,0.0,0.0,0.7766666666666667,0.782,0.8042857142857143,0.8044444444444444,0.8163636363636364,0.8346153846153846,0.846,0.0
2021-01-22,0.4749748583660415,0.4845417657423285,0.24209674653816599,0.0010703017776544277,0.0,0.4,0.9885333349972044,1.0,1.0,0.0,0.0,0.0,0.0,0.0,0.0,0.0,0.0,0.6433333333333333,0.7040000000000001,0.7357142857142857,0.7622222222222222,0.770909090909091,0.7938461538461539,0.812,0.0
2021-01-23,0.680685537142707,0.6779420318093031,0.4136719980562946,0.0010761377324419526,0.0,0.74,0.9823126855923424,1.0,1.0,0.0,0.0,0.0,0.0,0.0,0.0,0.0,0.0,0.63,0.6940000000000001,0.7214285714285714,0.7522222222222222,0.7618181818181818,0.7784615384615384,0.7993333333333333,0.0
2021-01-24,0.9040289772349501,0.87735570186181,0.37790303777825707,0.001086823300155967,0.0,0.7,0.9700495377336549,1.0,1.0,0.0,0.0,0.0,0.0,0.0,0.0,0.0,0.0,0.6133333333333334,0.674,0.7085714285714286,0.7322222222222223,0.7545454545454545,0.7630769230769231,0.784,0.8563333333333334
2021-01-25,0.8216244225820698,0.8121620963755323,0.2664738438697613,2.6064262824356865e-05,0.0,0.74,0.9771597079564686,1.0,1.0,0.0,0.0,0.0,0.0,0.0,0.0,0.0,0.0,0.7266666666666667,0.6659999999999999,0.7014285714285714,0.7211111111111111,0.7463636363636365,0.7553846153846153,0.7706666666666666,0.85
2021-01-26,0.74281956657485,0.737704108479336,0.18110423668337042,0.0010982954118133933,0.0,0.71,0.9800078694698033,1.0,1.0,0.0,0.0,0.0,0.0,0.0,0.0,0.0,0.0,0.7166666666666667,0.6579999999999999,0.6885714285714286,0.7122222222222223,0.730909090909091,0.75,0.758,0.8433333333333333
2021-01-27,0.75754274075877,0.7479252109857067,0.12777611834870736,2.7139395524407763e-05,0.0,0.78,1.0,1.0,1.0,0.0,0.0,0.0,0.0,0.0,0.0,0.0,0.0,0.7433333333333333,0.7340000000000001,0.6885714285714286,0.7111111111111111,0.7254545454545455,0.7461538461538462,0.754,0.8386666666666666
2021-01-28,0.6129106373236346,0.5971547346899726,0.11226446317153335,0.0011145654129452122,0.0,0.55,0.9914770849529554,0.9925767975331079,1.0,0.0,0.0,0.0,0.0,0.0,0.0,0.0,0.0,0.68,0.696,0.66,0.6833333333333332,0.7036363636363636,0.7207692307692308,0.7386666666666666,0.8266666666666667
2021-01-29,0.8445332095795448,0.8520968007105002,0.3232679453072741,0.001127516161303393,0.0,0.77,0.9839952978202651,0.9826670765475471,1.0,0.0,0.0,0.0,0.0,0.0,0.0,0.0,0.0,0.7,0.71,0.712857142857143,0.6822222222222223,0.7018181818181819,0.7153846153846153,0.7346666666666667,0.8220000000000001
2021-01-30,0.8130996521874949,0.8036522660136917,0.6110156388400348,0.0011418395515311176,0.0,0.76,0.9829232800959677,0.9856705358839172,1.0,0.0,0.0,0.0,0.0,0.0,0.0,0.0,0.0,0.6933333333333332,0.7140000000000001,0.7157142857142857,0.6833333333333332,0.6981818181818181,0.713076923076923,0.7266666666666667,0.8156666666666667
2021-01-31,1.0,1.0,0.5538685593596251,1.0,0.0,0.78,1.0,1.0,1.0,0.0,0.0,0.0,0.0,0.0,0.0,0.0,0.0,0.77,0.728,0.7271428571428571,0.7255555555555556,0.6981818181818181,0.7123076923076923,0.7226666666666667,0.8103333333333333
2021-02-01,1.0,1.0,1.0,4.507594692168406e-05,0.0,0.77,1.0,1.0,1.0,0.0,0.0,0.0,0.0,0.0,0.0,0.0,0.0,0.77,0.726,0.7314285714285714,0.7288888888888888,0.7,0.71,0.7213333333333334,0.8046666666666666
2021-02-02,0.9614770385209958,0.9506769602024469,0.6217163898319984,4.7869258150241315e-05,0.0,0.76,1.0,1.0,1.0,0.0,0.0,0.0,0.0,0.0,0.0,0.0,0.0,0.77,0.768,0.7385714285714287,0.7355555555555555,0.7327272727272727,0.7084615384615384,0.7193333333333334,0.799
2021-02-03,0.9155364708393235,0.909552043474711,0.32106548955441466,0.0009958286662310077,0.0,0.78,1.0,1.0,1.0,0.0,0.0,0.0,0.0,0.0,0.0,0.0,0.0,0.77,0.77,0.7385714285714287,0.74,0.7363636363636364,0.7107692307692308,0.718,0.7936666666666666
2021-02-04,1.0,1.0,0.35020017705914347,0.0010116124054662136,0.0,0.8,1.0,1.0,1.0,0.0,0.0,0.0,0.0,0.0,0.0,0.0,0.0,0.78,0.778,0.7742857142857144,0.75,0.7454545454545455,0.7415384615384616,0.7193333333333334,0.7893333333333333
2021-02-05,0.9742641247495569,0.9739848706539663,0.3661564008365558,0.001026841289842359,0.0,0.81,1.0,1.0,1.0,0.0,0.0,0.0,0.0,0.0,0.0,0.0,0.0,0.7966666666666667,0.784,0.78,0.7533333333333333,0.7518181818181818,0.7469230769230769,0.7233333333333333,0.7846666666666667
2021-02-06,1.0,1.0,0.6416151427533613,0.0010400325474270325,0.0,0.84,1.0,1.0,1.0,0.0,0.0,0.0,0.0,0.0,0.0,0.0,0.0,0.8166666666666668,0.7979999999999999,0.7914285714285714,0.7855555555555556,0.7636363636363636,0.7576923076923078,0.7526666666666667,0.7823333333333333
2021-02-07,0.8789226434953519,0.8725612577585525,0.31646962724894184,0.0010514950582292584,0.0,0.86,1.0,1.0,1.0,0.0,0.0,0.0,0.0,0.0,0.0,0.0,0.0,0.8366666666666667,0.818,0.8028571428571429,0.7955555555555556,0.770909090909091,0.7669230769230769,0.7606666666666666,0.78
2021-02-08,0.9501029332161526,0.9431373925975585,0.41243804401897627,0.1089587243473414,0.0,0.83,1.0,1.0,1.0,0.0,0.0,0.0,0.0,0.0,0.0,0.0,0.0,0.8433333333333333,0.828,0.8114285714285714,0.8033333333333332,0.7963636363636364,0.7761538461538461,0.7693333333333334,0.7766666666666667
2021-02-09,1.0,1.0,0.4868572368473723,6.789976273084766e-05,0.0,0.95,1.0,1.0,1.0,0.0,0.0,0.0,0.0,0.0,0.0,0.0,0.0,0.88,0.858,0.8385714285714286,0.8222222222222223,0.8127272727272726,0.7892307692307692,0.7833333333333333,0.777
2021-02-10,1.0,1.0,0.3026788062934126,0.0010817513449516373,0.0,0.92,1.0,1.0,1.0,0.0,0.0,0.0,0.0,0.0,0.0,0.0,0.0,0.9,0.88,0.8585714285714287,0.8388888888888889,0.8272727272727274,0.8176923076923077,0.7973333333333333,0.7776666666666666
2021-02-11,1.0,1.0,0.9866455651155488,1.0,0.0,0.93,1.0,1.0,1.0,0.0,0.0,0.0,0.0,0.0,0.0,0.0,0.0,0.9333333333333332,0.898,0.8771428571428571,0.8577777777777778,0.8409090909090909,0.83,0.8073333333333333,0.7806666666666666
2021-02-12,1.0,1.0,1.0,0.0010218615224658841,0.0,0.92,1.0,1.0,1.0,0.0,0.0,0.0,0.0,0.0,0.0,0.0,0.0,0.9233333333333333,0.91,0.8928571428571429,0.8733333333333333,0.8545454545454545,0.8423076923076923,0.8320000000000001,0.7853333333333333
2021-02-13,1.0,1.0,1.0,0.0010409390502725525,0.0,0.92,1.0,1.0,1.0,1.0,0.0,0.0,0.0,0.0,0.0,0.0,0.0,0.9233333333333333,0.9279999999999999,0.9042857142857144,0.8866666666666667,0.869090909090909,0.8530769230769231,0.8420000000000001,0.7883333333333333
2021-02-14,1.0,1.0,0.2896222482190165,0.0010555732964188304,0.0,0.95,1.0,1.0,1.0,1.0,0.0,0.0,0.0,0.0,0.0,0.0,0.0,0.93,0.9279999999999999,0.917142857142857,0.9022222222222223,0.8845454545454545,0.8669230769230769,0.8546666666666667,0.7906666666666666
2021-02-15,0.9238139105814467,0.9212397858170471,0.24894142458077015,0.00011544553141437986,0.0,0.93,1.0,1.0,1.0,1.0,0.0,0.0,0.0,0.0,0.0,0.0,0.0,0.9333333333333332,0.93,0.9314285714285714,0.9122222222222223,0.8963636363636364,0.88,0.8646666666666667,0.7936666666666666
2021-02-16,0.8942821241170169,0.8803742676861829,0.2947518902936117,0.00011850562164654426,0.0,0.95,1.0,1.0,1.0,1.0,0.0,0.0,0.0,0.0,0.0,0.0,0.0,0.9433333333333332,0.934,0.9314285714285714,0.9222222222222223,0.9090909090909091,0.8930769230769231,0.8766666666666667,0.799
2021-02-17,0.8676425182553623,0.8668884075320916,0.11518839943138147,0.00012073423999501244,0.0,0.95,1.0,1.0,1.0,1.0,0.0,0.0,0.0,0.0,0.0,0.0,0.0,0.9433333333333332,0.94,0.9357142857142857,0.9355555555555556,0.9190909090909091,0.9046153846153847,0.8893333333333334,0.8043333333333333
2021-02-18,0.9202028658727605,0.9153019103448232,0.15485807832854784,0.0011440247739274117,0.0,0.91,0.9931580217544445,1.0,1.0,1.0,0.0,0.0,0.0,0.0,0.0,0.0,0.0,0.9366666666666668,0.938,0.9328571428571429,0.9311111111111111,0.9236363636363636,0.9123076923076923,0.898,0.8079999999999999
2021-02-19,0.9723752569696412,0.9706298113524916,0.1696743654222731,0.0011495493840406733,0.0,0.93,0.9879550799996265,1.0,1.0,1.0,0.0,0.0,0.0,0.0,0.0,0.0,0.0,0.93,0.934,0.9342857142857143,0.9322222222222223,0.9327272727272726,0.9192307692307692,0.9066666666666667,0.813
2021-02-20,0.9171820673702258,0.90280233700493,0.11865543216511402,0.001169280474097669,0.0,0.91,0.9867060152058964,1.0,1.0,1.0,0.0,0.0,0.0,0.0,0.0,0.0,0.0,0.9166666666666667,0.93,0.9328571428571429,0.93,0.9290909090909091,0.923076923076923,0.9133333333333333,0.8183333333333332
2021-02-21,0.9837584351018884,0.954063757574494,0.31518394461406424,0.0011867265390891012,0.0,0.91,1.0,1.0,1.0,1.0,0.0,0.0,0.0,0.0,0.0,0.0,0.0,0.9166666666666667,0.922,0.927142857142857,0.9288888888888889,0.9281818181818181,0.9292307692307692,0.9179999999999999,0.8353333333333333
2021-02-22,0.9660995988563946,0.9626300954485445,0.12183608859029084,0.00013460828653394377,0.0,0.94,1.0,1.0,1.0,1.0,0.0,0.0,0.0,0.0,0.0,0.0,0.0,0.92,0.92,0.9285714285714286,0.9311111111111111,0.9290909090909091,0.9284615384615384,0.9233333333333333,0.8420000000000001
2021-02-23,0.8407003395130962,0.8335631593928954,0.2501388318621606,0.001205977859007146,0.0,0.94,0.9853500080671731,0.9892113431911039,1.0,1.0,0.0,0.0,0.0,0.0,0.0,0.0,0.0,0.93,0.9259999999999999,0.927142857142857,0.93,0.9309090909090909,0.93,0.9306666666666666,0.85
2021-02-24,0.680250012394141,0.6646783561861217,1.0,0.1746965783460596,0.0,0.76,0.9315198636382356,0.9594290466764412,1.0,1.0,0.0,0.0,0.0,0.0,0.0,0.0,0.0,0.88,0.892,0.9,0.9111111111111111,0.9163636363636364,0.916923076923077,0.9179999999999999,0.8506666666666667
2021-02-25,0.7783447597935658,0.7679565283250505,0.0005402608480563483,0.0012324652753564255,0.0,0.79,0.9059362057457564,0.9458796938994798,1.0,1.0,0.0,0.0,0.0,0.0,0.0,0.0,0.0,0.83,0.868,0.8828571428571429,0.8933333333333333,0.9018181818181819,0.9069230769230769,0.9093333333333333,0.8533333333333333
2021-02-26,0.693064388559546,0.6921196038053948,0.0003495730855634527,0.0001390253733780794,0.0,0.55,0.8523697892837164,0.9271377814783024,1.0,1.0,0.0,0.0,0.0,0.0,0.0,0.0,0.0,0.7,0.7959999999999999,0.8285714285714286,0.8488888888888888,0.8672727272727273,0.8784615384615384,0.884,0.8456666666666667
2021-02-27,0.6984860444746405,0.691093631058743,0.0003912576637667224,0.0001403956746532338,0.0,0.56,0.8030564329373842,0.9113821334570672,1.0,1.0,0.0,0.0,0.0,0.0,0.0,0.0,0.0,0.6333333333333333,0.72,0.7785714285714286,0.81,0.8318181818181819,0.8484615384615384,0.86,0.846
2021-02-28,0.6823801998864815,0.6822342317639724,0.00017587625481252202,0.0012542310951136055,0.0,0.55,0.7738826585362895,0.8892307482159153,1.0,1.0,0.0,0.0,0.0,0.0,0.0,0.0,0.0,0.5533333333333333,0.642,0.7271428571428571,0.7677777777777777,0.7954545454545454,0.8192307692307692,0.8353333333333333,0.8386666666666666
2021-03-01,0.6235538927170189,0.6222654199801567,0.00022934954206241156,0.00014277405381732662,0.0,0.38,0.763435220776452,0.8567406725208181,1.0,1.0,0.0,0.0,0.0,0.0,0.0,0.0,0.0,0.49666666666666665,0.5660000000000001,0.6471428571428571,0.7088888888888889,0.7472727272727273,0.7753846153846153,0.7973333333333333,0.826
2021-03-02,0.7813623161928145,0.7715088882392547,0.0003396260967791752,1.0,0.0,0.78,0.763991268224628,0.8440900884429244,1.0,1.0,0.0,0.0,0.0,0.0,0.0,0.0,0.0,0.57,0.564,0.6242857142857143,0.6944444444444444,0.7336363636363636,0.7623076923076922,0.7873333333333333,0.826
2021-03-03,0.7439536876943176,0.7392978378952287,0.0003387986278716992,0.13977867150627102,0.0,0.78,0.7733686786784656,0.8217540872865472,1.0,1.0,0.0,0.0,0.0,0.0,0.0,0.0,0.0,0.6466666666666667,0.61,0.6271428571428571,0.6766666666666667,0.7218181818181819,0.7523076923076922,0.7759999999999999,0.8263333333333334
2021-03-04,0.8118184460034327,0.8134008181201434,0.00039543665193948513,0.000992450584188312,0.0,0.84,0.7942525278358309,0.8073839630676378,1.0,1.0,0.0,0.0,0.0,0.0,0.0,0.0,0.0,0.8,0.6659999999999999,0.6342857142857143,0.6655555555555556,0.7154545454545455,0.7453846153846153,0.7686666666666666,0.8290000000000001
2021-03-05,0.761749070454915,0.7614365122321357,0.00024460151197539843,0.0009967334075898083,0.0,0.77,0.808877890912784,0.8000302486143379,1.0,1.0,0.0,0.0,0.0,0.0,0.0,0.0,0.0,0.7966666666666667,0.71,0.6657142857142857,0.6666666666666667,0.7,0.7346153846153847,0.7593333333333334,0.8286666666666666
2021-03-06,0.7543140112042347,0.7486800545860077,0.00017678524418929514,0.0010010013777986097,0.0,0.77,0.8329731589336641,0.8069287507538996,1.0,1.0,0.0,0.0,0.0,0.0,0.0,0.0,0.0,0.7933333333333333,0.7879999999999999,0.6957142857142857,0.6644444444444444,0.6845454545454546,0.7238461538461539,0.7486666666666666,0.8276666666666667
2021-03-07,0.7345823220522919,0.7326806144421364,8.43636736231287e-05,0.0010063219397492189,0.0,0.76,0.824352973284771,0.8028526101830306,1.0,1.0,0.0,0.0,0.0,0.0,0.0,0.0,0.0,0.7666666666666667,0.784,0.7257142857142856,0.6877777777777777,0.6845454545454546,0.71,0.7386666666666666,0.826
2021-03-08,0.7744254058951648,0.7726289383471011,0.00016278402903580603,0.00011435149853749502,0.0,0.81,0.8299680203312289,0.81043077448936,1.0,1.0,0.0,0.0,0.0,0.0,0.0,0.0,0.0,0.78,0.79,0.787142857142857,0.7155555555555556,0.6863636363636364,0.7,0.732,0.825
2021-03-09,0.7975355068169351,0.7950458553010205,0.00020425859509476393,0.00011571558186924053,0.0,0.81,0.8273360920964876,0.819656483860559,0.9976185547028554,1.0,0.0,0.0,0.0,0.0,0.0,0.0,0.0,0.7933333333333333,0.784,0.7914285714285714,0.7444444444444445,0.71,0.7038461538461539,0.7233333333333333,0.8233333333333333
2021-03-10,0.9056615292391453,0.9033957807019058,0.0005543833819949538,0.00011672576588000413,0.0,0.68,0.8538549520215719,0.8404534534140528,0.9954947294176102,1.0,1.0,0.0,0.0,0.0,0.0,0.0,0.0,0.7666666666666667,0.7659999999999999,0.7771428571428571,0.7777777777777777,0.7209090909090909,0.6953846153846154,0.706,0.8183333333333332
2021-03-11,0.855162732473098,0.8522307260946328,0.00036220947405242877,0.0010295395949330632,0.0,0.73,0.8724384237761794,0.8620260676702111,0.9894475821326066,1.0,1.0,0.0,0.0,0.0,0.0,0.0,0.0,0.74,0.758,0.7614285714285713,0.7722222222222223,0.7372727272727273,0.7092307692307692,0.7040000000000001,0.8109999999999999
2021-03-12,0.7906057656478364,0.7865985445408573,0.00031337911976783565,0.0010354989150265176,0.0,0.7,0.8827619069949504,0.8628870251781346,0.9838859660808124,1.0,1.0,0.0,0.0,0.0,0.0,0.0,0.0,0.7033333333333333,0.746,0.7514285714285713,0.7633333333333333,0.7663636363636364,0.72,0.698,0.8036666666666666
2021-03-13,0.7074743442439579,0.7008186843603553,0.0003555316414674867,0.0010408057332469117,0.0,0.74,0.8704247831575626,0.8594892498367388,0.9760864944519578,1.0,1.0,0.0,0.0,0.0,0.0,0.0,0.0,0.7233333333333333,0.732,0.7471428571428571,0.7522222222222222,0.7627272727272727,0.7346153846153847,0.7106666666666667,0.7973333333333333
2021-03-14,0.7385102519611364,0.7362463012290347,0.0003023734172229303,0.0010477327093207191,0.0,0.78,0.859548153859538,0.8526611452032734,0.9706950517185989,1.0,1.0,0.0,0.0,0.0,0.0,0.0,0.0,0.74,0.726,0.75,0.7533333333333333,0.7627272727272727,0.7653846153846153,0.7253333333333333,0.7926666666666666
2021-03-15,0.7130496121597112,0.7189945434905971,0.00015096116509276774,0.0001204597700310832,0.0,0.76,0.8240554071433576,0.8481251584534036,0.9620461296755354,1.0,1.0,0.0,0.0,0.0,0.0,0.0,0.0,0.76,0.742,0.7428571428571429,0.7522222222222222,0.7554545454545455,0.7638461538461538,0.7393333333333334,0.7873333333333333
2021-03-16,0.7026403210083387,0.7039862848925689,0.00022132205177691281,0.00012104889807203147,0.0,0.71,0.7959499845882867,0.8433121444641176,0.950784339712769,1.0,1.0,0.0,0.0,0.0,0.0,0.0,0.0,0.75,0.738,0.7285714285714286,0.7466666666666667,0.75,0.7584615384615384,0.7613333333333334,0.7793333333333333
2021-03-17,0.7042826611326464,0.6956828133286928,0.00021171815996739684,0.0001218447832481189,0.0,0.71,0.780043159451146,0.8404899598799701,0.9418955082097216,1.0,1.0,0.0,0.0,0.0,0.0,0.0,0.0,0.7266666666666667,0.74,0.7328571428571429,0.7355555555555555,0.7445454545454545,0.7484615384615384,0.7566666666666667,0.772
2021-03-18,0.7082137056671597,0.7047391912034563,0.00012891494317750625,0.15054002360187027,0.0,0.72,0.780179402151615,0.8343228400508332,0.9303911516932695,1.0,1.0,0.0,0.0,0.0,0.0,0.0,0.0,0.7133333333333333,0.736,0.7314285714285714,0.7255555555555556,0.740909090909091,0.7446153846153847,0.7526666666666667,0.7643333333333334
2021-03-19,0.6939852275654492,0.6948050881378679,0.00016706692405838404,0.15107121458625355,0.0,0.71,0.7719747415191364,0.8246779135758232,0.9190300171616695,1.0,1.0,0.0,0.0,0.0,0.0,0.0,0.0,0.7133333333333333,0.722,0.7328571428571429,0.7288888888888888,0.7318181818181819,0.74,0.7440000000000001,0.7563333333333334
2021-03-20,0.6985688778838051,0.6966790898749652,0.0001223964064895794,0.0010661735553745173,0.0,0.75,0.7693063654305109,0.8053887971168883,0.9130958408479284,1.0,1.0,0.0,0.0,0.0,0.0,0.0,0.0,0.7266666666666667,0.72,0.7342857142857143,0.7311111111111112,0.7263636363636364,0.7392307692307692,0.7426666666666667,0.7509999999999999
2021-03-21,0.7096420359217913,0.7096469049877308,0.00025851550644494866,1.0,0.0,0.73,0.7705965768451016,0.7918346432413498,0.9143229966643205,1.0,1.0,0.0,0.0,0.0,0.0,0.0,0.0,0.73,0.7240000000000001,0.7271428571428571,0.7344444444444445,0.730909090909091,0.7330769230769231,0.74,0.7443333333333334
2021-03-22,0.6987809473294981,0.6952440836747954,0.0001600686804068562,0.00011323539978301927,0.0,0.7,0.7695827717935714,0.7832818548986876,0.9110011023705245,1.0,1.0,0.0,0.0,0.0,0.0,0.0,0.0,0.7266666666666667,0.722,0.7185714285714286,0.73,0.7281818181818182,0.7246153846153847,0.736,0.7373333333333334
2021-03-23,0.6279196655433564,0.6304399401986285,0.00019141086090175362,0.0009833881989095552,0.0,0.66,0.7547869270081333,0.7758719373942949,0.9082812241123511,1.0,1.0,0.0,0.0,0.0,0.0,0.0,0.0,0.6966666666666668,0.71,0.7114285714285714,0.7166666666666667,0.7245454545454545,0.7230769230769231,0.726,0.7290000000000001
2021-03-24,0.6096848020687717,0.6068140831989026,0.00012466878887158108,0.0009862142688518015,0.0,0.65,0.7392528224958675,0.7638728196584138,0.9045736549135617,1.0,1.0,0.0,0.0,0.0,0.0,0.0,0.0,0.67,0.698,0.702857142857143,0.7044444444444444,0.7163636363636364,0.7169230769230769,0.7153333333333333,0.7193333333333334
2021-03-25,0.5447949465585479,0.5533728142511616,0.00015294140362764414,0.0009905692016118363,0.0,0.6,0.7109167814095425,0.7482011682584265,0.8988292888030648,1.0,1.0,0.0,0.0,0.0,0.0,0.0,0.0,0.6366666666666666,0.6679999999999999,0.6857142857142857,0.6922222222222223,0.7,0.7092307692307692,0.71,0.708
2021-03-26,0.5257007438971676,0.5216953776978468,0.0001445799424688465,0.0010011685755758235,0.0,0.54,0.6770217774686154,0.7317205829418773,0.8947437905516903,1.0,1.0,0.0,0.0,0.0,0.0,0.0,0.0,0.5966666666666667,0.63,0.6614285714285714,0.6733333333333333,0.68,0.6938461538461539,0.6973333333333334,0.7006666666666667
2021-03-27,0.6347759216294229,0.6335393386666041,0.0001402589383472771,0.0010065394807870218,0.0,0.65,0.6652275219511933,0.7252465550892035,0.8886236149018851,1.0,1.0,0.0,0.0,0.0,0.0,0.0,0.0,0.5966666666666667,0.62,0.6471428571428571,0.6655555555555556,0.6745454545454546,0.6838461538461539,0.6940000000000001,0.696
2021-03-28,0.5898654754831663,0.5897858178667051,0.00011008420426680971,0.0010139403736321344,0.0,0.74,0.6582152469592014,0.7142233112426081,0.8821902284535346,1.0,1.0,0.0,0.0,0.0,0.0,0.0,0.0,0.6433333333333333,0.636,0.6485714285714286,0.6688888888888889,0.6772727272727274,0.6823076923076923,0.6940000000000001,0.7023333333333334
2021-03-29,0.7587600039595256,0.7584344168056638,0.0005332700166436185,0.1420275115772527,0.0,0.72,0.6856854495437587,0.7202565924686181,0.8799749683949124,1.0,1.0,0.0,0.0,0.0,0.0,0.0,0.0,0.7033333333333333,0.65,0.6514285714285714,0.6655555555555556,0.6772727272727274,0.683076923076923,0.69,0.7076666666666667
2021-03-30,0.7381318688876403,0.7342024559273321,0.00034810646354225535,0.00011705922745721876,0.0,0.72,0.7213117935372217,0.7239415862911529,0.8789889190253302,1.0,1.0,0.0,0.0,0.0,0.0,0.0,0.0,0.7266666666666667,0.674,0.66,0.6644444444444444,0.6781818181818181,0.6838461538461539,0.6873333333333334,0.7133333333333333
2021-03-31,0.7327519410492226,0.7304380828239722,0.00032552169848439554,0.00011721121883342526,0.0845596676894817,0.76,0.7594652775439726,0.7260940994220659,0.8780886741075452,1.0,1.0,0.0,0.0,0.0,0.0,0.0,0.0,0.7333333333333333,0.718,0.6757142857142857,0.6711111111111111,0.6790909090909091,0.686923076923077,0.6906666666666667,0.726
2021-04-01,0.7075556577002605,0.705809884480612,0.0002247380483728843,0.001016640048289702,0.08357860020456301,0.74,0.7728764557182047,0.726911397424324,0.876960275161958,1.0,1.0,0.0,0.0,0.0,0.0,0.0,0.0,0.74,0.736,0.6957142857142857,0.68,0.68,0.6892307692307692,0.6926666666666667,0.7246666666666667
2021-04-02,0.739946104881363,0.7395335082318375,0.000295261619858942,1.0,0.08357860020456301,0.74,0.8005319292060593,0.7373458141973405,0.8755207187889705,1.0,1.0,0.0,0.0,0.0,0.0,0.0,0.0,0.7466666666666667,0.736,0.7242857142857143,0.69,0.6836363636363636,0.6884615384615383,0.6940000000000001,0.7233333333333333
2021-04-03,0.7945172818956646,0.7950538805127441,0.0003763341386479784,0.0009829428304365744,0.08357860020456301,0.73,0.8071209504270258,0.75456156379271,0.8753947039106881,0.9986630591972099,1.0,0.0,0.0,0.0,0.0,0.0,0.0,0.7366666666666667,0.738,0.7357142857142857,0.7044444444444444,0.69,0.6884615384615383,0.6953333333333334,0.7196666666666667
2021-04-04,0.6945432588507366,0.6986233666928665,0.00028569949544162733,0.0009883972331373764,0.08357860020456301,0.74,0.7990888435916415,0.7685094881465138,0.8665802371826634,0.9928309231383061,1.0,1.0,0.0,0.0,0.0,0.0,0.0,0.7366666666666667,0.742,0.7357142857142857,0.7266666666666667,0.6981818181818181,0.6915384615384617,0.6946666666666667,0.7186666666666666
2021-04-05,0.7340526137832584,0.7330658009826467,0.00013560088646870298,0.00011429527430095924,0.08357860020456301,0.71,0.7993285195608637,0.787915891301659,0.8615237297110233,0.9869106181022661,1.0,1.0,0.0,0.0,0.0,0.0,0.0,0.7266666666666667,0.732,0.7342857142857143,0.7333333333333333,0.7081818181818181,0.6953846153846154,0.6933333333333332,0.7166666666666667
2021-04-06,0.7569541315682273,0.7550606203516983,0.000261685342687982,0.0010024762703034775,0.08357860020456301,0.75,0.8084312144914092,0.7992958688374626,0.8601187295260906,0.9831961210205035,1.0,1.0,0.0,0.0,0.0,0.0,0.0,0.7333333333333333,0.7340000000000001,0.7385714285714287,0.7344444444444445,0.7272727272727273,0.703076923076923,0.6966666666666668,0.7163333333333334
2021-04-07,0.7320021239583503,0.7286010557505421,0.00023408767119921232,0.00011539304130966405,0.08357860020456301,0.72,0.8069673709915162,0.8125348241918765,0.8611427967364133,0.9795835752615277,1.0,1.0,0.0,0.0,0.0,0.0,0.0,0.7266666666666667,0.73,0.7328571428571429,0.7344444444444445,0.7336363636363636,0.7123076923076923,0.7006666666666667,0.7133333333333333
2021-04-08,0.6783092142211096,0.6856629174208939,0.00023970232459986332,0.0010145836886973206,0.08357860020456301,0.73,0.7855536206125676,0.8050414407119629,0.8586293238703474,0.9753687907911495,1.0,1.0,0.0,0.0,0.0,0.0,0.0,0.7333333333333333,0.73,0.7314285714285714,0.7355555555555555,0.7327272727272727,0.7269230769230769,0.706,0.7106666666666667
2021-04-09,0.7248724369641674,0.7211005334503298,0.00010361214385850247,1.0,0.08357860020456301,0.7,0.7911424016870325,0.8038064247667936,0.8591229424268012,0.9710205031903195,1.0,1.0,0.0,0.0,0.0,0.0,0.0,0.7166666666666667,0.722,0.7257142857142856,0.7288888888888888,0.730909090909091,0.7307692307692308,0.7126666666666667,0.7113333333333334
2021-04-10,0.720205515735601,0.7196716472314806,0.00010138769274554029,0.0009818522218402674,0.08357860020456301,0.7,0.7885907862355497,0.8026378200025304,0.8598563125146192,0.9654069049135983,1.0,1.0,0.0,0.0,0.0,0.0,0.0,0.71,0.72,0.7214285714285714,0.7244444444444444,0.729090909090909,0.7276923076923077,0.7233333333333333,0.7103333333333333
2021-04-11,0.7972861050785985,0.7984282931266634,0.00033011638138934874,0.0009867240488882997,0.08357860020456301,0.76,0.7960227901430594,0.8109955335093378,0.8637393291798521,0.9627378782333453,1.0,1.0,0.0,0.0,0.0,0.0,0.0,0.72,0.722,0.7242857142857143,0.7266666666666667,0.729090909090909,0.7307692307692308,0.7306666666666666,0.7123333333333334
2021-04-12,0.8022582481028154,0.7966731032069179,0.00019394108425342104,0.00011285154419040718,0.08357860020456301,0.74,0.8089689403986102,0.8167994390537314,0.8676658130825778,0.9586974682619643,1.0,1.0,0.0,0.0,0.0,0.0,0.0,0.7333333333333333,0.726,0.7285714285714286,0.7277777777777777,0.729090909090909,0.7323076923076922,0.7306666666666666,0.7123333333333334
2021-04-13,0.8566939542744614,0.8571358607183452,0.0007297729782204861,1.0,0.08357860020456301,0.74,0.8418400342164148,0.8225907265122409,0.87445911740104,0.9562619685272095,1.0,1.0,0.0,0.0,0.0,0.0,0.0,0.7466666666666667,0.728,0.7271428571428571,0.7277777777777777,0.729090909090909,0.7307692307692308,0.732,0.711
2021-04-14,0.8126264938801511,0.811364960066475,0.00035715409557964933,0.0009812682902077719,0.08357860020456301,0.75,0.8580105420575874,0.833589288061496,0.8792211735671313,0.955637011342835,1.0,1.0,0.0,0.0,0.0,0.0,0.0,0.7433333333333333,0.738,0.7314285714285714,0.7322222222222223,0.730909090909091,0.7315384615384616,0.7340000000000001,0.7106666666666667
2021-04-15,0.8572530926845715,0.8561288866765953,0.0005490479089418834,0.0009894477964288,0.08357860020456301,0.79,0.883264404905077,0.8450644822307299,0.8853841302175923,0.9595773103716962,1.0,1.0,0.0,0.0,0.0,0.0,0.0,0.76,0.7559999999999999,0.74,0.7366666666666667,0.7354545454545455,0.7353846153846153,0.736,0.7133333333333333
2021-04-16,0.8887286805983401,0.8862924135838302,0.0003440342399839244,0.0009946699249768613,0.07627277850835995,0.78,0.9001145989180408,0.8573382862789678,0.893314699049374,0.9620345876983692,1.0,1.0,0.0,0.0,0.0,0.0,0.0,0.7733333333333333,0.76,0.7514285714285713,0.7433333333333333,0.7418181818181818,0.7392307692307692,0.7386666666666666,0.7156666666666667
2021-04-17,0.8411622953172301,0.8410149128475617,0.0002928001955037997,1.0,0.07627277850835995,0.76,0.9072834777441939,0.8675057318364917,0.9022178605885445,0.9653314231953347,1.0,1.0,0.0,0.0,0.0,0.0,0.0,0.7766666666666667,0.764,0.76,0.7466666666666667,0.7427272727272727,0.7407692307692308,0.74,0.7170000000000001
2021-04-18,0.8144305321598972,0.8123283145137182,0.00021179405652876183,0.000982159570397874,0.07627277850835995,0.79,0.899495564310714,0.8801844045807009,0.9107662653394601,0.9679124853524362,1.0,1.0,0.0,0.0,0.0,0.0,0.0,0.7766666666666667,0.774,0.7642857142857143,0.7566666666666667,0.749090909090909,0.7469230769230769,0.7440000000000001,0.7196666666666667
2021-04-19,0.698386374363057,0.696586647040351,0.0005367056185186023,0.00011077108350710667,0.07627277850835995,0.74,0.8784444492586051,0.8777174278786892,0.9171789103824587,0.9682688018280723,1.0,1.0,0.0,0.0,0.0,0.0,0.0,0.7633333333333333,0.772,0.7642857142857143,0.7611111111111112,0.75,0.7461538461538462,0.7440000000000001,0.7193333333333334
2021-04-20,0.6265338718057425,0.6327629741572822,0.00018911277297075307,0.00011103167266519929,0.07627277850835995,0.73,0.8359296402406895,0.8689926216779966,0.9213888266980748,0.9683351397058655,1.0,1.0,0.0,0.0,0.0,0.0,0.0,0.7533333333333333,0.76,0.7628571428571429,0.7577777777777777,0.7527272727272727,0.7469230769230769,0.7453333333333333,0.7193333333333334
2021-04-21,0.6282147886866751,0.6286290308730899,0.0002296771390932934,0.13358815679752808,0.07627277850835995,0.73,0.787924544180855,0.8532449054243983,0.9211148907288402,0.9649258936468995,1.0,1.0,0.0,0.0,0.0,0.0,0.0,0.7333333333333333,0.75,0.76,0.7566666666666667,0.7554545454545455,0.7469230769230769,0.7440000000000001,0.7203333333333333
2021-04-22,0.6063718769237306,0.6102611042185603,0.00019108350088966074,0.0009984032666194701,0.07627277850835995,0.65,0.7446595324526879,0.834999569331288,0.9218040547980114,0.9618631589505383,1.0,1.0,0.0,0.0,0.0,0.0,0.0,0.7033333333333333,0.728,0.74,0.7466666666666667,0.7454545454545455,0.7430769230769231,0.7393333333333334,0.72
2021-04-23,0.5570667383005101,0.556856589488323,0.00020125763199939443,0.0010019282559731093,0.07627277850835995,0.55,0.6972349073937962,0.8070915570219998,0.9133830944701947,0.95619208303019,1.0,1.0,0.0,0.0,0.0,0.0,0.0,0.6433333333333333,0.68,0.7071428571428571,0.7244444444444444,0.7281818181818182,0.7315384615384616,0.7273333333333334,0.7166666666666667
2021-04-24,0.5403325303040185,0.5357826700281565,0.0003119339669877461,0.001005174647021658,0.07627277850835995,0.37,0.6681102034826014,0.7817294307461,0.9051247107426139,0.9512630875759931,1.0,1.0,0.0,0.0,0.0,0.0,0.0,0.5233333333333333,0.606,0.6514285714285714,0.6777777777777777,0.6945454545454546,0.7015384615384616,0.7053333333333334,0.7090000000000001
2021-04-25,0.47344145024671436,0.4781360830954243,5.163190235456746e-05,0.0010093691990805487,0.07627277850835995,0.31,0.6398997447272357,0.7459802748932649,0.8942981551384904,0.9450105304037748,1.0,1.0,0.0,0.0,0.0,0.0,0.0,0.41,0.522,0.5828571428571429,0.6255555555555555,0.6545454545454545,0.6684615384615384,0.6793333333333333,0.7013333333333334
2021-04-26,0.4738491439383747,0.4705735518366751,4.30795431525891e-05,0.00011357938090594186,0.07627277850835995,0.27,0.6114546681514608,0.7073373793260453,0.884540599404982,0.9392062998399425,1.0,1.0,0.0,0.0,0.0,0.0,0.0,0.31666666666666665,0.43,0.5157142857142857,0.5711111111111111,0.6072727272727273,0.6323076923076923,0.6466666666666667,0.6886666666666666
2021-04-27,0.5645492386937576,0.5611629889035854,0.00010456638510864014,0.00011352333338230408,0.07627277850835995,0.5,0.6037479783048159,0.6815729621516426,0.8772175484991266,0.9345342068094262,1.0,1.0,0.0,0.0,0.0,0.0,0.0,0.36,0.4,0.4828571428571429,0.5388888888888889,0.5818181818181818,0.6130769230769231,0.6306666666666667,0.6806666666666666
2021-04-28,0.6138759387993702,0.6092201044313683,9.925983288195577e-05,0.0010222638588042266,0.07627277850835995,0.59,0.6142162535550083,0.6628928164178969,0.8696755337530859,0.9304457264490095,0.996349280626898,1.0,0.0,0.0,0.0,0.0,0.0,0.45333333333333337,0.408,0.46285714285714286,0.5222222222222223,0.5663636363636363,0.5976923076923076,0.6206666666666667,0.6763333333333335
2021-04-29,0.6033246186118207,0.5974119567151713,0.00013809960702075412,1.0,0.07627277850835995,0.52,0.6258238543168554,0.6540385317995107,0.8658670350007879,0.9237153473314311,0.9909921455367914,1.0,0.0,0.0,0.0,0.0,0.0,0.5366666666666666,0.43799999999999994,0.4442857142857143,0.4988888888888889,0.5418181818181818,0.5776923076923076,0.6053333333333333,0.6696666666666666
2021-04-30,0.5860008834658003,0.5869857462145227,9.373442466116023e-05,1.0,0.07627277850835995,0.51,0.6465652680068208,0.6502631900507767,0.8596856796471805,0.9177234845315874,0.9847129397308286,1.0,0.0,0.0,0.0,0.0,0.0,0.54,0.478,0.43857142857142856,0.47444444444444445,0.520909090909091,0.5584615384615385,0.5866666666666667,0.6613333333333334
2021-05-01,0.6143158175297546,0.6114817249577409,0.00010989518573688097,0.0009846698398485077,0.10862713173440207,0.68,0.672449170433207,0.64896860585597,0.853730341575679,0.9137990606728165,0.9800187214457903,1.0,0.0,0.0,0.0,0.0,0.0,0.57,0.56,0.4828571428571429,0.4777777777777778,0.5163636363636364,0.55,0.58,0.6593333333333333
2021-05-02,0.6644259146661916,0.6629672625763223,0.0002326326086925021,1.0,0.10862713173440207,0.66,0.6908535226503216,0.6543759010332592,0.8509089455528908,0.9128407514446327,0.9765324472309975,1.0,0.0,0.0,0.0,0.0,0.0,0.6166666666666667,0.5920000000000001,0.5328571428571428,0.49,0.51,0.5438461538461539,0.5733333333333334,0.6566666666666667
2021-05-03,0.640790560669933,0.639197482668284,0.00010538822235065735,0.000108244172990404,0.10862713173440207,0.61,0.6958131008088201,0.6621741427840007,0.8493424921957335,0.9106653949250538,0.9730917390935279,1.0,0.0,0.0,0.0,0.0,0.0,0.65,0.596,0.5814285714285714,0.5166666666666666,0.5063636363636363,0.5346153846153846,0.5613333333333334,0.6526666666666666
2021-05-04,0.6330617858071609,0.633275903108544,0.00012154515920340665,0.0009883850154175733,0.10862713173440207,0.68,0.7012927915741929,0.6708111726198945,0.8455092762054128,0.9088847708026909,0.9687366140097541,1.0,0.0,0.0,0.0,0.0,0.0,0.65,0.628,0.6071428571428572,0.5577777777777778,0.5181818181818182,0.5307692307692308,0.5573333333333333,0.6506666666666666
2021-05-05,0.5534909654193417,0.560317616484675,0.0001526980927754993,0.0009914530398461002,0.10862713173440207,0.48,0.6953021638680636,0.6782671804045294,0.8385487234586669,0.9055645288045383,0.9623833137961003,1.0,0.0,0.0,0.0,0.0,0.0,0.59,0.622,0.5914285714285714,0.5811111111111111,0.5281818181818182,0.5176923076923077,0.5406666666666667,0.643
2021-05-06,0.6068528309944334,0.6068133880978872,0.00011271157076068416,0.0010000288459034428,0.10862713173440207,0.65,0.693926953575467,0.6906554693771303,0.8305978826563265,0.9033956249388782,0.9576764893972374,1.0,0.0,0.0,0.0,0.0,0.0,0.6033333333333334,0.616,0.61,0.5977777777777777,0.5590909090909091,0.5253846153846154,0.5353333333333333,0.6396666666666667
2021-05-07,0.6396805512683096,0.6379652547049098,0.00029534930682686094,0.0010051751208882854,0.10862713173440207,0.64,0.6893671063510678,0.6976533837332343,0.8238100490082477,0.9018699954341288,0.9524577926426208,1.0,0.0,0.0,0.0,0.0,0.0,0.59,0.612,0.6285714285714286,0.6033333333333334,0.5927272727272728,0.5461538461538461,0.5346666666666667,0.637
2021-05-08,0.630862000121363,0.6292294778585199,0.0002870865110781252,0.0010088612907848049,0.10862713173440207,0.67,0.6875375628308642,0.6992355070624505,0.8143812665426416,0.9004647973359466,0.9473731782261064,1.0,0.0,0.0,0.0,0.0,0.0,0.6533333333333333,0.624,0.6271428571428571,0.62,0.6081818181818182,0.5738461538461539,0.5426666666666666,0.635
2021-05-09,0.6224926984526957,0.618147268199094,0.00011999509628989861,0.0010138002798379575,0.10862713173440207,0.73,0.6855899889414537,0.7010208689375583,0.806442929369904,0.898771251125112,0.9440635801329454,1.0,0.0,0.0,0.0,0.0,0.0,0.68,0.634,0.6371428571428571,0.6444444444444444,0.620909090909091,0.6092307692307692,0.5666666666666667,0.636
2021-05-10,0.6019981944486216,0.6002873891896028,0.00011491619638206071,0.00011121756504630725,0.10862713173440207,0.72,0.6945284534972577,0.7025108976399672,0.7957857001138726,0.8963749712223913,0.9428767194611545,1.0,0.0,0.0,0.0,0.0,0.0,0.7066666666666667,0.682,0.6528571428571429,0.6488888888888888,0.639090909090909,0.6261538461538462,0.594,0.6366666666666666
2021-05-11,0.5307185996930999,0.5312138056564858,0.0001941490641916519,0.0001113889617875225,0.10862713173440207,0.61,0.6804991398961947,0.6947244481453044,0.7808383062164567,0.8926337035331894,0.9391209249193014,1.0,0.0,0.0,0.0,0.0,0.0,0.6866666666666668,0.674,0.6428571428571429,0.6433333333333333,0.6481818181818181,0.6276923076923077,0.6166666666666667,0.6316666666666666
2021-05-12,0.5715550798823406,0.5721336183261709,0.00012943665137531192,0.0010257721069672756,0.10862713173440207,0.68,0.6679456066699748,0.6860742312686542,0.7695818487544183,0.8913789608373116,0.9372779694006721,1.0,0.0,0.0,0.0,0.0,0.0,0.67,0.682,0.6714285714285714,0.6511111111111112,0.6481818181818181,0.64,0.6286666666666667,0.6296666666666667
2021-05-13,0.48635451417884956,0.5090171003439912,0.00020826160962828088,0.0010350728500534557,0.10862713173440207,0.31,0.6413171006308889,0.6716896798771488,0.7558842415343681,0.8886334819857319,0.9340605288713006,1.0,0.0,0.0,0.0,0.0,0.0,0.5333333333333333,0.61,0.6228571428571429,0.61,0.6163636363636363,0.6246153846153846,0.61,0.6153333333333333
2021-05-14,0.49832880998680285,0.49435142694816253,0.00019464706469209594,0.0010399299819855903,0.10862713173440207,0.26,0.6184373250103671,0.659140320716169,0.7475315738962717,0.8875990905361133,0.931268985339207,1.0,0.0,0.0,0.0,0.0,0.0,0.41666666666666663,0.516,0.5685714285714285,0.5855555555555556,0.5845454545454545,0.5923076923076923,0.5926666666666667,0.599
2021-05-15,0.5240798038164657,0.5226029040708798,8.011259238765572e-05,0.0010462326927737514,0.10862713173440207,0.27,0.6040792429914907,0.6564008931332125,0.7432539811906245,0.887563006482574,0.9297602423211151,1.0,0.0,0.0,0.0,0.0,0.0,0.28,0.426,0.5114285714285715,0.5433333333333333,0.5472727272727272,0.5623076923076923,0.5766666666666667,0.5816666666666667
2021-05-16,0.49938496871286064,0.5007317631291134,0.0002692706113961881,0.0010511987757692378,0.15223245037259692,0.2,0.5983053706115109,0.6463910733855038,0.737875165990749,0.8845490428870343,0.9254834365823283,1.0,0.0,0.0,0.0,0.0,0.0,0.24333333333333332,0.344,0.4357142857142857,0.4944444444444444,0.5218181818181818,0.5307692307692308,0.5446666666666666,0.5623333333333334
2021-05-17,0.4947473685042268,0.4884882768648859,0.00012984444130620374,0.00011379028292212292,0.15223245037259692,0.27,0.5841519543165649,0.6328916419821963,0.7332146952807261,0.8824316007276026,0.9217036754576164,1.0,0.0,0.0,0.0,0.0,0.0,0.24666666666666667,0.262,0.37142857142857144,0.45,0.48727272727272725,0.4992307692307692,0.5186666666666667,0.546
2021-05-18,0.4446430571893,0.44839384936269805,0.0001766621278209434,0.00011358393362421444,0.15223245037259692,0.21,0.5764657519229592,0.6155467538194919,0.7285208580549204,0.8754389839986919,0.9161346543144087,1.0,0.0,0.0,0.0,0.0,0.0,0.22666666666666668,0.242,0.3142857142857143,0.3922222222222222,0.4481818181818182,0.4784615384615385,0.49200000000000005,0.5266666666666666
2021-05-19,0.4593517022001065,0.45509882470592766,9.744924111111268e-05,0.00011429328562750549,0.15223245037259692,0.23,0.5692834101687262,0.6003514020996312,0.7251398014859338,0.8692330060108385,0.9115481341151644,1.0,0.0,0.0,0.0,0.0,0.0,0.2366666666666667,0.23600000000000002,0.25,0.3377777777777778,0.4081818181818182,0.4461538461538461,0.462,0.5096666666666667
2021-05-20,0.2346645238908097,0.2384444297080155,0.00029930905588021765,0.0010709536516997436,0.15223245037259692,0.11,0.5159526330187462,0.5661370448817119,0.7151705493273594,0.8581449878650697,0.9036665084123849,0.9987888048770491,0.0,0.0,0.0,0.0,0.0,0.18333333333333332,0.204,0.22142857142857142,0.2822222222222222,0.3518181818181818,0.4053846153846154,0.43733333333333335,0.489
2021-05-21,0.3022944736813737,0.2977845278261063,0.00018999548928366901,1.0,0.15223245037259692,0.19,0.4796346152844941,0.544861062659096,0.7080079151780952,0.8491233920419651,0.8971099138233394,0.9979268613543827,0.0,0.0,0.0,0.0,0.0,0.17666666666666667,0.20199999999999999,0.2114285714285714,0.22777777777777777,0.30363636363636365,0.36846153846153845,0.4066666666666666,0.47100000000000003
2021-05-22,0.2702473700864562,0.27253498374002844,0.0001636536976939157,0.000982449666070521,0.15223245037259692,0.12,0.43826582719264023,0.5167965250417987,0.6957204233183809,0.8386673397205423,0.8894629466602407,0.9954536318308419,0.0,0.0,0.0,0.0,0.0,0.14,0.172,0.19,0.20666666666666667,0.2590909090909091,0.32153846153846155,0.37200000000000005,0.45333333333333337
2021-05-23,0.24876249486676494,0.24776641290058468,7.55798884097076e-05,1.0,0.15223245037259692,0.14,0.40217076469310886,0.49466662279644735,0.6804764546292779,0.826518189243625,0.8811395987467471,0.9881522683630883,0.0,0.0,0.0,0.0,0.0,0.15,0.158,0.1814285714285714,0.19333333333333333,0.21,0.27692307692307694,0.33666666666666667,0.4396666666666667
2021-05-24,0.18393655314382462,0.1806274489012972,0.00015034101872834975,0.00010435626753213883,0.15223245037259692,0.1,0.35141980247085797,0.46538335843944195,0.6629664487809102,0.8151514768489834,0.8701930544687194,0.9788408199098885,1.0,0.0,0.0,0.0,0.0,0.12,0.132,0.15714285714285714,0.17444444444444443,0.1909090909090909,0.2376923076923077,0.29466666666666663,0.4306666666666667
2021-05-25,0.2633734012884069,0.26152349275830516,0.00016093524355025748,0.00010457884349083851,0.15223245037259692,0.22,0.35671000948104303,0.4411005259630494,0.6494963251295222,0.8046735979281444,0.8612172696037902,0.9699628508381225,1.0,0.0,0.0,0.0,0.0,0.15333333333333335,0.154,0.15857142857142859,0.17666666666666667,0.18727272727272726,0.2023076923076923,0.2613333333333333,0.42766666666666664
2021-05-26,0.2599044067084429,0.2599348398902764,9.612176183716898e-05,0.00010491402931343423,0.15223245037259692,0.22,0.34889875910170287,0.4187947202286476,0.634699180462841,0.7936086800467879,0.8531680179962466,0.9619612825372423,1.0,0.0,0.0,0.0,0.0,0.18,0.16,0.15714285714285714,0.1711111111111111,0.18272727272727274,0.1953846153846154,0.23533333333333334,0.426
2021-05-27,0.26924057433281373,0.26803371009552085,9.375851660058245e-05,0.00099138834562162,0.15223245037259692,0.27,0.34871323607062155,0.3977904654345469,0.6181996703666133,0.7833070577157419,0.8465212404489142,0.9544281584859812,1.0,0.0,0.0,0.0,0.0,0.2366666666666667,0.19,0.18,0.17777777777777778,0.1890909090909091,0.19615384615384618,0.20800000000000002,0.41833333333333333
2021-05-28,0.235687256815523,0.23580027306656154,8.159866750463651e-05,0.000993580076640956,0.15223245037259692,0.21,0.3463038518567927,0.3783278107155058,0.6012860721893062,0.7734537666540485,0.8388948254533426,0.9468117090180749,1.0,0.0,0.0,0.0,0.0,0.2333333333333333,0.204,0.18285714285714286,0.17555555555555558,0.18363636363636363,0.19153846153846155,0.20133333333333334,0.4056666666666667
2021-05-29,0.1776480025872064,0.17769016788597947,9.571528160431346e-05,0.0009949653162055368,0.15223245037259692,0.18,0.34514505578901933,0.3520892385924302,0.5822719450259352,0.7612719000797116,0.8307742842224972,0.9378622913322772,1.0,0.0,0.0,0.0,0.0,0.22,0.22,0.19142857142857142,0.18333333333333332,0.1809090909090909,0.19,0.196,0.3943333333333333
2021-05-30,0.16588511328918387,0.16764218576557913,2.1821609496109602e-05,0.000996689870005384,0.15223245037259692,0.1,0.3271808136683021,0.3456829559339729,0.5660888885765653,0.7489320688188446,0.822633212703055,0.9281423130355357,1.0,0.0,0.0,0.0,0.0,0.16333333333333333,0.196,0.18571428571428572,0.1733333333333333,0.1690909090909091,0.17692307692307693,0.18466666666666665,0.3806666666666667
2021-05-31,0.21817903318016765,0.21827359922011355,4.534856250317678e-05,0.00010632002065458998,0.17135282944037405,0.18,0.31949204686335747,0.33784823791185253,0.5498612439838642,0.7360404568239348,0.8152603836291877,0.9197177905848613,1.0,0.0,0.0,0.0,0.0,0.15333333333333335,0.188,0.19714285714285715,0.18,0.17545454545454547,0.1746153846153846,0.18333333333333332,0.364
2021-06-01,0.24281056887956848,1.0,0.00014161308534734352,0.00010651797547506892,0.17020477174525644,0.2,0.31462176934635194,0.3352927070889252,0.5332913978559972,0.7235864862855407,0.8082015229651978,0.9107877407446596,1.0,0.0,0.0,0.0,0.0,0.16,0.174,0.19428571428571428,0.18666666666666668,0.17636363636363636,0.1723076923076923,0.17866666666666667,0.3486666666666667
2021-06-02,0.23196931633511333,0.0006170035970446306,4.3576216138141135e-05,0.0001065305567056323,0.17020477174525644,0.23,0.31393666158262723,0.33372854933493085,0.5166371012722969,0.7096793730300025,0.8011940370156353,0.901939857768033,1.0,0.0,0.0,0.0,0.0,0.2033333333333333,0.17800000000000002,0.19571428571428573,0.2011111111111111,0.18636363636363637,0.18153846153846154,0.18,0.336
2021-06-03,0.23335637113257465,0.0006191223457765097,1.0417971842573857e-05,0.0010081299441629193,0.17020477174525644,0.24,0.324202085678567,0.3383316321499203,0.5003901454616108,0.6967841313293189,0.7941380676747987,0.8946200284588051,1.0,0.0,0.0,0.0,0.0,0.22333333333333333,0.19,0.19142857142857142,0.2033333333333333,0.19545454545454546,0.1853846153846154,0.18066666666666667,0.3213333333333333
2021-06-04,0.3224537119886193,0.0008571042700231809,0.00017110347683802746,0.001010697925918149,0.17020477174525644,0.27,0.3530531022802791,0.34383451690255723,0.48871879397169316,0.6848788612236563,0.7882655064191244,0.890307796868813,1.0,0.0,0.0,0.0,0.0,0.24666666666666667,0.22399999999999998,0.2,0.2088888888888889,0.2109090909090909,0.19692307692307692,0.19133333333333333,0.31433333333333335
2021-06-05,0.24954249022503333,0.0006661946803705367,0.0001426650394759217,0.0010135970492322793,0.17020477174525644,0.24,0.3588324707322225,0.34286938263787836,0.4769793198984071,0.6706498166157493,0.7814518186225733,0.883934567606497,1.0,0.0,0.0,0.0,0.0,0.25,0.23600000000000002,0.20857142857142857,0.20555555555555557,0.21272727272727274,0.2046153846153846,0.19466666666666665,0.30066666666666664
2021-06-06,0.22471916089801275,0.0005911455261907684,4.8114875552393106e-05,0.0010152244484591345,0.17020477174525644,0.17,0.35549875301130063,0.3387225492131291,0.4624984620250133,0.6569270594755079,0.7753363974812651,0.8782899785387648,1.0,0.0,0.0,0.0,0.0,0.22666666666666668,0.23,0.21857142857142858,0.2011111111111111,0.20818181818181816,0.21,0.198,0.285
2021-06-07,0.23769628921220426,0.0006309428706475149,9.209633191104002e-06,0.00010734465927548518,0.17020477174525644,0.15,0.3565540667263559,0.3389096754081714,0.4521166525938078,0.6440882694744013,0.7696943747416165,0.8727364495147494,1.0,0.0,0.0,0.0,0.0,0.18666666666666668,0.214,0.21428571428571427,0.19777777777777777,0.19727272727272727,0.2046153846153846,0.19866666666666666,0.26766666666666666
2021-06-08,0.19585312237099486,0.0005262267468762081,5.484270911352634e-05,0.00010755719828519043,0.17020477174525644,0.13,0.3496433141129562,0.34060534482647353,0.4394878929908572,0.6329012817590137,0.7644019056495946,0.8668727292060964,1.0,0.0,0.0,0.0,0.0,0.15,0.192,0.20428571428571426,0.2011111111111111,0.19,0.1976923076923077,0.20066666666666666,0.24766666666666665
2021-06-09,0.19813316383756846,0.0005283412766397512,6.256983521266395e-05,0.0010206245539008097,0.17020477174525644,0.14,0.32673467069126055,0.3436090071898188,0.42587919011583025,0.6233645726192591,0.7594336239107966,0.8617454746648051,1.0,0.0,0.0,0.0,0.0,0.14,0.166,0.19142857142857142,0.19666666666666668,0.18636363636363637,0.1876923076923077,0.19533333333333336,0.22833333333333333
2021-06-10,0.20699410944025756,0.0005501863976845711,7.049015024358481e-05,0.0010222638831090649,0.17020477174525644,0.21,0.31889424770354463,0.34256721601475076,0.41367148542075416,0.6139876994561051,0.752945373256374,0.8548230757393879,1.0,0.0,0.0,0.0,0.0,0.16,0.16,0.18714285714285717,0.19777777777777777,0.19636363636363638,0.1876923076923077,0.19466666666666665,0.215
2021-06-11,0.18296252219392928,0.0004866291938514287,1.4834891963037046e-05,0.0001079610411894778,0.17020477174525644,0.21,0.3111997196405074,0.336992822453203,0.4006540561426138,0.6045621037742948,0.7467737963502525,0.8480618995538448,1.0,0.0,0.0,0.0,0.0,0.18666666666666668,0.168,0.17857142857142858,0.19555555555555557,0.1990909090909091,0.19,0.19066666666666665,0.19933333333333333
2021-06-12,0.1597735478364771,0.00042364075849689065,0.0,0.0001081621039831469,0.17020477174525644,0.28,0.2968408359067532,0.3302683318578171,0.38876037774424693,0.5957178849618876,0.7376888512796752,0.8402033258212996,1.0,0.0,0.0,0.0,0.0,0.2333333333333333,0.19399999999999998,0.18428571428571427,0.2,0.20636363636363636,0.20384615384615384,0.19533333333333336,0.19833333333333333
2021-06-13,0.15511163360197258,0.0004153637029243852,0.0,0.0010259406102801315,0.17020477174525644,0.23,0.2893333703062594,0.32298042548041084,0.3760579529041017,0.5871424097629162,0.7288460690122954,0.8328920117694099,1.0,0.0,0.0,0.0,0.0,0.24,0.214,0.19285714285714284,0.19555555555555557,0.20636363636363636,0.2076923076923077,0.19866666666666666,0.19733333333333333
2021-06-14,0.19569908395504923,0.0005129063903056853,2.019832251763163e-05,0.00010839540580853312,0.17020477174525644,0.28,0.2888848405264453,0.3111741891613186,0.3744310943038265,0.5809595344458484,0.7207004829863988,0.8261594744759979,1.0,0.0,0.0,0.0,0.0,0.2633333333333333,0.242,0.2114285714285714,0.2,0.21,0.21384615384615382,0.21066666666666667,0.19766666666666666
2021-06-15,0.1919597815721918,0.0005087582715705947,6.590815768603644e-05,0.0010287148942212184,0.17020477174525644,0.38,0.2861144533190473,0.30581079472913403,0.36982447512892525,0.5746843420652679,0.7128803391995792,0.8196196805825228,1.0,0.0,0.0,0.0,0.0,0.2966666666666667,0.276,0.24714285714285716,0.22333333333333333,0.22,0.2253846153846154,0.22399999999999998,0.20366666666666666
2021-06-16,0.20984977182898132,0.0005586871040936271,7.591810375619199e-05,0.0010298138037934616,0.2199052330557121,0.33,0.29106898757456817,0.30442582343464986,0.367302795601551,0.5667883101853048,0.7048402641383392,0.8128153036747665,1.0,0.0,0.0,0.0,0.0,0.33,0.3,0.27428571428571424,0.24333333333333332,0.22818181818181815,0.2323076923076923,0.23266666666666666,0.20566666666666666
2021-06-17,0.19132598965953254,0.0005067481605020317,8.998941727214821e-05,1.0,0.2199052330557121,0.26,0.29688318039754336,0.30010678023126525,0.36490474562135866,0.5573818458937843,0.6956915434936605,0.8055091469954573,1.0,0.0,0.0,0.0,0.0,0.32333333333333336,0.29600000000000004,0.2814285714285714,0.2577777777777778,0.23636363636363636,0.23153846153846153,0.23466666666666666,0.20733333333333334
2021-06-18,0.19472511804387949,0.0005128722691374761,1.78791921960405e-05,1.0,0.2199052330557121,0.25,0.3041827877695114,0.3000017151471616,0.3653551824602912,0.5482859351749463,0.6881107037132436,0.7969408011311844,1.0,0.0,0.0,0.0,0.0,0.28,0.3,0.28714285714285714,0.27,0.24545454545454548,0.2323076923076923,0.23533333333333334,0.20800000000000002
2021-06-19,0.1603625876769512,0.00042809735720140024,2.2877714483977748e-05,0.0009833608751378788,0.2199052330557121,0.23,0.2976713043096456,0.2964836712305133,0.36105434488932,0.5388107206148885,0.6794094345585978,0.7885669327325305,1.0,0.0,0.0,0.0,0.0,0.24666666666666667,0.29,0.28,0.2722222222222222,0.2545454545454545,0.23692307692307693,0.23266666666666666,0.212
2021-06-20,0.15667732728103598,0.0014630803858799535,6.878473173863719e-06,0.0009858548823244804,0.2199052330557121,0.21,0.2911697792084508,0.29179704297713926,0.35674447793479236,0.5286231436770309,0.6703049185243143,0.7809267021470792,1.0,0.0,0.0,0.0,0.0,0.23,0.256,0.27714285714285714,0.2722222222222222,0.2609090909090909,0.24153846153846154,0.23066666666666666,0.21266666666666667
2021-06-21,0.17512655331618324,0.001585019422237689,2.2812493303450017e-05,0.00010380770797047127,0.2199052330557121,0.23,0.2847713049160368,0.2910671816553481,0.35281509320951254,0.5177307581028002,0.6618586775138308,0.7745107415619656,1.0,0.0,0.0,0.0,0.0,0.22333333333333333,0.23600000000000002,0.27,0.26666666666666666,0.26272727272727275,0.24923076923076923,0.23466666666666666,0.21633333333333332
2021-06-22,0.11244859712629614,0.0012074779296244223,4.233205602266158e-05,0.0001038339221130197,0.2199052330557121,0.1,0.2702365068762025,0.28665921990640275,0.34766971633882027,0.5059692377809971,0.6532761585413928,0.7669653230034126,1.0,0.0,0.0,0.0,0.0,0.18,0.204,0.23,0.25222222222222224,0.25272727272727274,0.24615384615384617,0.23133333333333334,0.215
2021-06-23,0.10320113282388872,0.0011311824374956177,5.853339124119826e-05,0.00010379407752347482,0.2199052330557121,0.14,0.2533713114349002,0.28182414879983797,0.3445614611635241,0.49417390962650365,0.6438471479313289,0.7596153088341213,0.9995417262118761,0.0,0.0,0.0,0.0,0.15666666666666665,0.182,0.20285714285714285,0.2366666666666667,0.24,0.24076923076923076,0.23199999999999998,0.21633333333333332
2021-06-25,0.1558571117593779,0.0014630266323677464,2.654189095708669e-05,0.00010379407752347482,0.2199052330557121,0.27,0.2525410839079485,0.27811316998621854,0.3441427788501912,0.48532210724629715,0.6352875649918795,0.7530253697399266,0.9997449467715017,0.0,0.0,0.0,0.0,0.17,0.19,0.20428571428571426,0.22444444444444442,0.24363636363636362,0.2453846153846154,0.24066666666666667,0.218
