,date,price,market_cap,volume,community_score,dev_score,public_interest_score,5_SMA,10_SMA,25_SMA,50_SMA,75_SMA,100_SMA,150_SMA,200_SMA,250_SMA,300_SMA,350_SMA
0,2020-08-23,0.019500811937511284,1.4774786463738609e-05,0.00010576773792477569,0.10465672944317074,,1.0,0.0,0.0,0.0,0.0,0.0,0.0,0.0,0.0,0.0,0,0
1,2020-08-24,0.007057325840143244,5.826679975008539e-06,6.976961871258823e-05,0.0008717831946033151,,1.0,0.0,0.0,0.0,0.0,0.0,0.0,0.0,0.0,0.0,0,0
2,2020-08-25,0.021438536089027432,1.750144176937243e-05,8.499134502938969e-05,0.0074720916721893885,,1.0,0.0,0.0,0.0,0.0,0.0,0.0,0.0,0.0,0.0,0,0
3,2020-08-26,0.043554659559438394,3.430094928405612e-05,0.00017176585953673987,0.00010808202161228446,,1.0,0.0,0.0,0.0,0.0,0.0,0.0,0.0,0.0,0.0,0,0
4,2020-08-27,0.05732868485538811,4.767001331020822e-05,0.00020382158516202468,0.00011203416507140262,,1.0,0.0,0.0,0.0,0.0,0.0,0.0,0.0,0.0,0.0,0,0
5,2020-08-28,0.047150135899523,3.971090637384711e-05,0.00024100418896768223,0.0001142717609515424,,1.0,0.035305868448704036,0.0,0.0,0.0,0.0,0.0,0.0,0.0,0.0,0,0
6,2020-08-29,0.059871151067006,4.9120520628919436e-05,0.00013442033395183066,0.0,,1.0,0.04586863349407659,0.0,0.0,0.0,0.0,0.0,0.0,0.0,0.0,0,0
7,2020-08-30,0.05953772758357168,4.951369648539127e-05,8.822031030618593e-05,0.008668597660517665,,1.0,0.05348847179298544,0.0,0.0,0.0,0.0,0.0,0.0,0.0,0.0,0,0
8,2020-08-31,0.05357759235417977,4.432521367379716e-05,7.770698288757187e-05,1.3964402803083282e-07,,1.0,0.05549305835193371,0.0,0.0,0.0,0.0,0.0,0.0,0.0,0.0,0,0
9,2020-09-01,0.0631136904926554,5.244433206068029e-05,9.418552254713303e-05,2.478659434742606e-07,,0.9753904249871992,0.05665005947938717,0.0,0.0,0.0,0.0,0.0,0.0,0.0,0.0,0,0
10,2020-09-02,0.06134728763299869,5.191601257323805e-05,0.0001050768226071087,0.00011937648425572881,,0.9753904249871992,0.059489489826082306,0.047397679137393164,0.0,0.0,0.0,0.0,0.0,0.0,0.0,0,0
11,2020-09-03,0.05958556441654516,4.9720165627087916e-05,0.00010844920226849918,4.58705956427483e-07,,0.9753904249871992,0.059432372495990135,0.052650502995033356,0.0,0.0,0.0,0.0,0.0,0.0,0.0,0,0
12,2020-09-04,0.0480590691214917,4.2864302812709e-05,0.00014602819919785196,0.00012176264248463902,,0.9753904249871992,0.05713664080357415,0.05531255629827978,0.0,0.0,0.0,0.0,0.0,0.0,0.0,0,0
13,2020-09-05,0.03500861037749807,2.9127338652560873e-05,0.00015819771012019954,0.009298811551445635,,0.9753904249871992,0.053422844408237816,0.054457951380085745,0.0,0.0,0.0,0.0,0.0,0.0,0.0,0,0
14,2020-09-06,0.01079014334310306,8.339349168361555e-06,0.0001370409210095356,0.13197657093324575,,0.9753904249871992,0.042958134978327345,0.04980409722885724,0.0,0.0,0.0,0.0,0.0,0.0,0.0,0,0
15,2020-09-07,0.02670569924096959,2.2804026640535464e-05,0.00011528354310864295,0.00945962802021663,,0.9753904249871992,0.03602981729992153,0.047759653563001894,0.0,0.0,0.0,0.0,0.0,0.0,0.0,0,0
16,2020-09-08,0.021964676115991406,1.8175625583471623e-05,7.733429339245963e-05,0.00012481334744768945,,0.9753904249871992,0.028505639639810777,0.043969006067900426,0.0,0.0,0.0,0.0,0.0,0.0,0.0,0,0
17,2020-09-09,0.01420215139453334,1.1286043930253239e-05,4.321393888469391e-05,0.0001265396483573036,,0.9753904249871992,0.021734256094419105,0.039435448448996595,0.0,0.0,0.0,0.0,0.0,0.0,0.0,0,0
18,2020-09-10,0.0245137741954001,2.0558349890144156e-05,5.356975465824848e-05,1.0847457421862379e-06,,0.9753904249871992,0.019635288857999512,0.036529066633118626,0.0,0.0,0.0,0.0,0.0,0.0,0.0,0,0
19,2020-09-11,0.02138691172072139,1.775266202067953e-05,4.823269888017889e-05,0.00012823006721416613,,0.9753904249871992,0.02175464253352318,0.032356388755925225,0.0,0.0,0.0,0.0,0.0,0.0,0.0,0,0
20,2020-09-12,0.022594702024926652,1.8670785651952393e-05,3.737548164472408e-05,0.13747983738596656,,0.9753904249871992,0.02093244309031459,0.02848113019511802,0.0,0.0,0.0,0.0,0.0,0.0,0.0,0,0
21,2020-09-13,0.0349647022314336,2.870692267887961e-05,6.467178613193069e-05,0.0001298062987281489,,0.9753904249871992,0.02353244831340303,0.026019043976606863,0.0,0.0,0.0,0.0,0.0,0.0,0.0,0,0
22,2020-09-14,0.03871178604561373,3.220975774260711e-05,8.961891684379757e-05,1.3081844367229141e-06,,0.9753904249871992,0.02843437524361911,0.025084315669019065,0.0,0.0,0.0,0.0,0.0,0.0,0.0,0,0
23,2020-09-15,0.03962744691397515,3.3317374611634044e-05,7.786832498643037e-05,1.3572711520032675e-06,,0.9753904249871992,0.03145710978733412,0.025546199322666767,0.0,0.0,0.0,0.0,0.0,0.0,0.0,0,0
24,2020-09-16,0.03398982641433699,2.8621871425356404e-05,6.030267975884231e-05,0.14045452363129132,,0.632968509984639,0.03397769272605724,0.02786616762979016,0.0,0.0,0.0,0.0,0.0,0.0,0.0,0,0
25,2020-09-17,0.03299634333213135,2.7695799595901445e-05,5.268297451950338e-05,1.4642830415975516e-06,,0.632968509984639,0.036058020987498184,0.02849523203890634,0.03756312793050411,0.0,0.0,0.0,0.0,0.0,0.0,0,0
26,2020-09-18,0.03870325263038869,3.277992906256965e-05,5.9635154454379564e-05,0.00013309717940950246,,0.632968509984639,0.0368057310672892,0.030169089690346068,0.03882896500211393,0.0,0.0,0.0,0.0,0.0,0.0,0,0
27,2020-09-19,0.03624745733684184,3.012245559215586e-05,3.857514624136407e-05,0.0001337628318383742,,0.632968509984639,0.03631286532553483,0.032373620284576916,0.03942132185202649,0.0,0.0,0.0,0.0,0.0,0.0,0,0
28,2020-09-20,0.0286646164462894,0.10023475594768229,2.8790659871970126e-05,0.00013427169508717444,,0.632968509984639,0.03412029923199768,0.032788704509665846,0.03882572012750054,0.0,0.0,0.0,0.0,0.0,0.0,0,0
29,2020-09-21,0.02267888154186471,1.9355545296516586e-05,5.363279516861287e-05,1.6865729644825103e-06,,0.632968509984639,0.03185811025750322,0.03291790149178018,0.0374397279949596,0.0,0.0,0.0,0.0,0.0,0.0,0,0
30,2020-09-22,0.008618621231847859,7.765149904157082e-06,7.888978542004385e-05,0.0001353804602189187,,0.632968509984639,0.026982565837446525,0.0315202934124723,0.035898467408252595,0.0,0.0,0.0,0.0,0.0,0.0,0,0
31,2020-09-23,0.01071836618801174,8.773274740783938e-06,3.5660934498167475e-05,0.00013655168457250204,,0.632968509984639,0.021385588548971136,0.029095659808130114,0.03393235601309282,0.0,0.0,0.0,0.0,0.0,0.0,0,0
32,2020-09-24,0.00756124173963952,6.840833050296661e-06,3.6177122780821056e-05,0.00013698399921981252,,0.632968509984639,0.015648345429530676,0.025980605377532696,0.031853296579335534,0.0,0.0,0.0,0.0,0.0,0.0,0,0
33,2020-09-25,0.01684458924732214,1.431162063481515e-05,3.734619847994444e-05,0.00013762915951136596,,0.632968509984639,0.013284339989737224,0.02370231961086739,0.030383976455061232,0.0,0.0,0.0,0.0,0.0,0.0,0,0
34,2020-09-26,0.017356151055828644,1.4555508503833261e-05,2.8092966499396884e-05,0.00013767845800805937,,0.632968509984639,0.012219793892530011,0.022038952075016556,0.028553674877588163,0.0,0.0,0.0,0.0,0.0,0.0,0,0
35,2020-09-27,0.01560964643151537,1.3309558911976334e-05,1.4466416145465074e-05,0.00013853794200387515,,0.632968509984639,0.013617998932463512,0.02030028238495496,0.026724169229528832,0.0,0.0,0.0,0.0,0.0,0.0,0,0
36,2020-09-28,0.014792334788739857,1.2979150599001923e-05,1.4425367050226974e-05,1.9280148538341928e-06,,0.632968509984639,0.014432792652609137,0.017909190600790076,0.02493244004441662,0.0,0.0,0.0,0.0,0.0,0.0,0,0
37,2020-09-29,0.016970411158039368,1.359354139384999e-05,3.2009668153913075e-05,0.01059370345087373,,0.632968509984639,0.016314626536289102,0.01598148598290983,0.023688893725878523,0.0,0.0,0.0,0.0,0.0,0.0,0,0
38,2020-09-30,0.0180775065953174,0.09138892209958419,3.372503045949577e-05,0.00014032053933923136,,0.632968509984639,0.016561210005888154,0.01492277499781263,0.023011649574591297,0.0,0.0,0.0,0.0,0.0,0.0,0,0
39,2020-10-01,0.0145608618244245,1.2651517693134886e-05,1.6020732388852085e-05,0.00014078139785097607,,0.5105286738351255,0.016002152159607326,0.01411097302606861,0.023162478313844156,0.0,0.0,0.0,0.0,0.0,0.0,0,0
40,2020-10-02,0.014193500248220345,1.2147108556725113e-05,2.985099323821402e-05,0.0001411439215953802,,0.5105286738351255,0.015718922922948318,0.014668460927705856,0.022661990354134187,0.0,0.0,0.0,0.0,0.0,0.0,0,0
41,2020-10-03,0.009239076505666065,7.981460534229816e-06,3.5019697279441656e-05,0.1500992373009047,,0.5105286738351255,0.014608271266333562,0.014520531959471289,0.022152966369721173,0.0,0.0,0.0,0.0,0.0,0.0,0,0
42,2020-10-04,0.007914636532026925,6.93947567245434e-06,9.119349634056826e-06,0.00014188007900374605,,0.5105286738351255,0.012797116341131074,0.01455587143871003,0.021901465775220917,0.0,0.0,0.0,0.0,0.0,0.0,0,0
43,2020-10-05,0.01053108966621393,9.377326361455798e-06,5.307844205825264e-06,2.108240782572608e-06,,0.5105286738351255,0.011287832955310379,0.013924521480599212,0.02134215839405347,0.0,0.0,0.0,0.0,0.0,0.0,0,0
44,2020-10-06,0.009403955208493554,0.08433066885977646,1.58989064363793e-05,0.0001425072428766292,,0.5105286738351255,0.010256451632124188,0.013129301895865702,0.02086284013356436,0.0,0.0,0.0,0.0,0.0,0.0,0,0
45,2020-10-07,0.0,0.0,3.6091994614216614e-05,0.00014295757486261238,,0.5105286738351255,0.007417751582480118,0.011568337252714165,0.019959052052567296,0.0,0.0,0.0,0.0,0.0,0.0,0,0
46,2020-10-08,0.0019619602837393016,1.8365529559765723e-06,3.715857366336108e-05,0.0001433905729863014,,0.5105286738351255,0.005962328338094766,0.01028529980221411,0.01863894237465952,0.0,0.0,0.0,0.0,0.0,0.0,0,0
47,2020-10-09,0.007748821750777492,6.746822098590207e-06,3.678788564848288e-05,0.00014374218514782934,,0.5105286738351255,0.00592916538184488,0.009363140861487925,0.017400423802866074,0.0,0.0,0.0,0.0,0.0,0.0,0,0
48,2020-10-10,0.011366425957367868,1.000463173769669e-05,2.8542647219234656e-05,0.0001443282786997933,,0.5105286738351255,0.006096232640075668,0.008692032797692971,0.016269982964601783,0.0,0.0,0.0,0.0,0.0,0.0,0,0
49,2020-10-11,0.011256224467129514,9.96174146695635e-06,2.3744187828110895e-05,0.0001446156195047705,,0.5105286738351255,0.00646668649180286,0.008361569061963472,0.015360638886713485,0.0,0.0,0.0,0.0,0.0,0.0,0,0
50,2020-10-12,0.01116325914164659,9.89177241243241e-06,1.3929755468979417e-05,2.3539036185385976e-06,,0.5105286738351255,0.008699338320132179,0.008058544951306097,0.014487315519094093,0.026025221724799093,0.0,0.0,0.0,0.0,0.0,0,0
51,2020-10-13,0.012754309457703037,1.1259297939806073e-05,3.0102967456083846e-05,0.15398468063958767,,0.5105286738351255,0.010857808154924927,0.008410068246509795,0.013449357792186667,0.02613916139715029,0.0,0.0,0.0,0.0,0.0,0,0
52,2020-10-14,0.011956334454794382,1.0578290916748705e-05,2.2082862705096156e-05,0.00014587184075276442,,0.5105286738351255,0.011699310695728302,0.00881423803878654,0.01247771287690477,0.02594951736446563,0.0,0.0,0.0,0.0,0.0,0,0
53,2020-10-15,0.010280435118535318,9.183294926605309e-06,2.526322454377334e-05,0.00014620461060688516,,0.5105286738351255,0.011482112527961793,0.00878917258401868,0.011742345623794606,0.025284032875647563,0.0,0.0,0.0,0.0,0.0,0,0
54,2020-10-16,0.00795230070315792,7.2305184183396875e-06,1.8846366786715098e-05,0.155426386911334,,0.4408922171018945,0.010821327775167474,0.008644007133485116,0.011153282390246336,0.024296505192602957,0.0,0.0,0.0,0.0,0.0,0,0
55,2020-10-17,0.0035040954622820616,3.6205275498118436e-06,2.343439365723292e-05,0.00014656829339471604,,0.4408922171018945,0.009289495039294568,0.008994416679713322,0.010948701359463704,0.023423584383858137,0.0,0.0,0.0,0.0,0.0,0,0
56,2020-10-18,0.004975974262401597,4.693608004292561e-06,0.0,0.0001471599593039415,,0.4408922171018945,0.00773382800023428,0.009295818077579551,0.010719005682439298,0.02232568084776605,0.0,0.0,0.0,0.0,0.0,0,0
57,2020-10-19,0.008360562404848556,7.635619598246664e-06,3.936670273267745e-06,2.5914490095403216e-06,,0.4408922171018945,0.007014673590245116,0.009356992142986659,0.01075097850904766,0.021302137544191586,0.0,0.0,0.0,0.0,0.0,0,0
58,2020-10-20,0.005428124685547914,4.820167732484246e-06,6.481493951302944e-06,0.00014830650617524163,,0.4408922171018945,0.006044211503647636,0.008763162015804665,0.010294319926576692,0.02033914819081895,0.0,0.0,0.0,0.0,0.0,0,0
59,2020-10-21,0.003377218465705437,3.2980594015542347e-06,1.9968139289322415e-05,0.15742361524373935,,0.4408922171018945,0.005129195056157138,0.007975261415662255,0.009735162622971763,0.019144418750279953,0.0,0.0,0.0,0.0,0.0,0,0
60,2020-10-22,0.008620385004680833,7.839057782227485e-06,2.659657661450037e-05,0.00014900110564916054,,0.4408922171018945,0.006152452964636892,0.0077209740019656805,0.009455592165898384,0.018089880697713598,0.0,0.0,0.0,0.0,0.0,0,0
61,2020-10-23,0.011798241057864523,1.0649121642925571e-05,1.950417916457385e-05,0.15790839693454237,,0.4408922171018945,0.0075169063237294775,0.007625367161981829,0.00933582841666337,0.017134134230539985,0.0,0.0,0.0,0.0,0.0,0,0
62,2020-10-24,0.011351687547575168,1.0318606453017804e-05,2.4115837663259105e-05,0.1581816769164789,,0.4408922171018945,0.008115131352274799,0.007564902471259907,0.009111079472244802,0.016399986599061653,0.0,0.0,0.0,0.0,0.0,0,0
63,2020-10-25,0.01357055626911195,1.222352035699116e-05,1.2827664627924434e-05,0.00015005410203399082,,0.4408922171018945,0.009743617668987606,0.007893914586317571,0.008930801459196584,0.015971225516893933,0.0,0.0,0.0,0.0,0.0,0,0
64,2020-10-26,0.013190932461962403,1.205959242570285e-05,9.775204811645466e-06,2.849044797757029e-06,,0.4408922171018945,0.011706360468238999,0.00841777776219802,0.008876004284698098,0.016019241299271122,0.0,0.0,0.0,0.0,0.0,0,0
65,2020-10-27,0.021446464032900014,1.8939838510176223e-05,5.178320570985619e-05,2.896464366311894e-06,,0.4408922171018945,0.014271576273882836,0.010212014619259815,0.009166122836085287,0.015914056595109728,0.0,0.0,0.0,0.0,0.0,0,0
66,2020-10-28,0.021234957010525565,1.9109865241873828e-05,4.965853705008412e-05,0.00015190332258591712,,0.4408922171018945,0.016158919464415045,0.011837912894072213,0.009645958056279666,0.015899462213000412,0.0,0.0,0.0,0.0,0.0,0,0
67,2020-10-29,0.013667330324504285,1.2407856285527886e-05,3.350299338721067e-05,0.0001522784498520081,,0.4408922171018945,0.01662204801980087,0.012368589686037785,0.009876065807978762,0.015888765791599833,0.0,0.0,0.0,0.0,0.0,0,0
68,2020-10-30,0.005764667595150892,0.081778793636286,3.268456186212025e-05,0.00015272291369663327,,0.4408922171018945,0.015060870285008656,0.012402243976998083,0.00968540892513624,0.015513783659594849,0.0,0.0,0.0,0.0,0.0,0,0
69,2020-10-31,0.007352087027615321,7.109068509822683e-06,2.265098957867756e-05,0.00015291792952932065,,0.4681259600614439,0.01389310119813924,0.012799730833189072,0.00960333419790111,0.015233087165732729,0.0,0.0,0.0,0.0,0.0,0,0
70,2020-11-01,0.009405082779724678,8.931184786174887e-06,5.3965520229543325e-06,0.00015314166567510052,,0.46642985151049665,0.011484824947504173,0.012878200610693457,0.009979537509090098,0.014969294780828687,0.0,0.0,0.0,0.0,0.0,0,0
71,2020-11-02,0.009967055283196498,9.37574747536544e-06,2.991705489539863e-06,0.011598429376972048,,0.46642985151049665,0.00923124460203836,0.012695082033226654,0.010299741309068387,0.014469341841863947,0.0,0.0,0.0,0.0,0.0,0,0
72,2020-11-03,0.0057265389881121275,5.923144040223082e-06,1.7993817449365585e-05,0.011633558363414113,,0.46642985151049665,0.00764308633475993,0.01213256717728035,0.010218849998561772,0.013809636900713915,0.0,0.0,0.0,0.0,0.0,0,0
73,2020-11-04,0.00588527983985592,5.913253745402652e-06,1.3259028528011286e-05,0.162800055337802,,0.46642985151049665,0.007667208783700935,0.011364039534354746,0.009999604153861294,0.01313479355923153,0.0,0.0,0.0,0.0,0.0,0,0
74,2020-11-05,0.007035703828752979,6.933311766122113e-06,2.4638153815876892e-05,0.1630665628857293,,0.46642985151049665,0.007603932143928467,0.010748516671033803,0.009830783328326232,0.01259571110751985,0.0,0.0,0.0,0.0,0.0,0,0
75,2020-11-06,0.010497431505931071,1.0081290311403886e-05,1.9503571853535353e-05,0.16332010863676052,,0.46642985151049665,0.007822401889169746,0.009653613418336909,0.009804150222897611,0.012145732870995844,0.02061819789083193,0.0,0.0,0.0,0.0,0,0
76,2020-11-07,0.018562598892051634,1.7284101905347665e-05,3.0368082777063034e-05,0.00015498298680183105,,0.46642985151049665,0.009541510610940773,0.009386377606489516,0.010036481800271552,0.011742919796229103,0.020771601531524044,0.0,0.0,0.0,0.0,0,0
77,2020-11-08,0.010734415836271697,1.0429483523812563e-05,5.292560078278184e-05,0.00015516559287830423,,0.46642985151049665,0.010543085980572686,0.009093086157666259,0.009987605055530646,0.011232658966217699,0.020628879928153966,0.0,0.0,0.0,0.0,0,0
78,2020-11-09,0.013703816885515903,1.3341141764106972e-05,1.4760468936315256e-05,3.1310883784612945e-06,,0.46642985151049665,0.012106793389704683,0.009887001086702759,0.01012454032620987,0.01093344297500223,0.020230868692501666,0.0,0.0,0.0,0.0,0,0
79,2020-11-10,0.01337244943313188,1.2631140468510858e-05,1.7969429257305323e-05,3.1715467489744117e-06,,0.46642985151049665,0.013374142510580464,0.010489037327254416,0.010341346275408827,0.010747314332827574,0.019644785553538248,0.0,0.0,0.0,0.0,0,0
80,2020-11-11,0.014855750577417339,1.4074416066946105e-05,1.4613528936712896e-05,0.00015632549967189424,,0.46642985151049665,0.014245806324877716,0.011034104107023681,0.010795412480014237,0.010872056919738964,0.01921419374924351,0.0,0.0,0.0,0.0,0,0
81,2020-11-12,0.015498932811908601,1.4351589473636782e-05,2.029741333313292e-05,0.00015672992913906385,,0.46642985151049665,0.01363307310884911,0.011587291859894891,0.011216330821994518,0.010967668252216902,0.018622564172508876,0.0,0.0,0.0,0.0,0,0
82,2020-11-13,0.013847551077379608,0.08898597165069903,1.1769927542704693e-05,0.16570192061415737,,0.46642985151049665,0.01425570015707069,0.012399393068821641,0.01143581036889576,0.011093394438971702,0.01801336181909298,0.0,0.0,0.0,0.0,0,0
83,2020-11-14,0.01763633964314256,1.641012222638157e-05,1.118550537068302e-05,0.00015739105115293247,,0.46642985151049665,0.015042204708596022,0.013574499049150304,0.011924138967199545,0.011109229446888112,0.01753414511627915,0.0,0.0,0.0,0.0,0,0
84,2020-11-15,0.015840222999226352,1.4915911510465306e-05,8.955375502823571e-06,0.0001577622036967802,,0.46642985151049665,0.015535759421814916,0.01445495096619764,0.01242265914854038,0.011078910885756067,0.016903832216366762,0.0,0.0,0.0,0.0,0,0
85,2020-11-16,0.013601902684550337,1.306542322163384e-05,7.984428409152288e-06,3.350022388766769e-06,,0.48502304147465436,0.015284989843241514,0.014765398084059567,0.012621919855735162,0.011038756010816764,0.016267227083720782,0.0,0.0,0.0,0.0,0,0
86,2020-11-17,0.016467474721015087,1.5337321202131904e-05,1.641099543045934e-05,3.480208424529263e-06,,0.48502304147465436,0.015478698225062811,0.014555885666955912,0.012808689202261183,0.011072258809462268,0.015692319221113717,0.0,0.0,0.0,0.0,0,0
87,2020-11-18,0.024410222006665788,2.242317853643013e-05,4.852386037577861e-05,0.00015943438999170564,,0.48502304147465436,0.01759123241092005,0.01592346628399532,0.013331030580624808,0.011221055026434796,0.015377001259582706,0.0,0.0,0.0,0.0,0,0
88,2020-11-19,0.021073419314195964,1.935717175068275e-05,4.080452065353421e-05,0.0001598571992137345,,0.48502304147465436,0.018278648345130728,0.01666042652686333,0.013631145102428167,0.011280973280812368,0.01519119871207201,0.0,0.0,0.0,0.0,0,0
89,2020-11-20,0.02243038547248614,2.0812792936176382e-05,4.6516093121688955e-05,0.000160523245411907,,0.48502304147465436,0.019596680839782686,0.017566220130798754,0.014000723222849119,0.011438363753773599,0.015346401940463786,0.0,0.0,0.0,0.0,0,0
90,2020-11-21,0.03387910870295584,3.078727792850371e-05,9.695554716273555e-05,0.0001611772029678362,,0.48502304147465436,0.023652122043463786,0.019468555943352606,0.014498029009651352,0.01183207592286831,0.015442047399956934,0.0,0.0,0.0,0.0,0,0
91,2020-11-22,0.046282037506384946,4.168238857260687e-05,9.230287843429102e-05,0.00016171320408481287,,0.48502304147465436,0.029615034600537753,0.02254686641280024,0.015499912229485727,0.012572935142882689,0.01576627888516218,0.0,0.0,0.0,0.0,0,0
92,2020-11-23,0.04007531819365593,3.705654064802311e-05,8.401191870909527e-05,0.012463706922774608,,0.48502304147465436,0.03274805383793578,0.02516964312442787,0.016556231744251793,0.013216148776115268,0.016111254442483815,0.0,0.0,0.0,0.0,0,0
93,2020-11-24,0.049484264481571866,4.3599787196581704e-05,9.8359438659913e-05,3.8772030626503e-06,,0.48502304147465436,0.038430222871410964,0.028354435608270806,0.018305015619708633,0.013995212272422427,0.016444194312966107,0.0,0.0,0.0,0.0,0,0
94,2020-11-25,0.044866426123441966,4.040048674387098e-05,0.00010718324436654205,0.00016343693898672186,,0.48502304147465436,0.04291743100160213,0.031257055920692375,0.0198055891835417,0.014704461690721394,0.01675725450500238,0.0,0.0,0.0,0.0,0,0
95,2020-11-26,0.03542776566599623,3.19667068614919e-05,6.77197808673976e-05,0.00016396470945409376,,0.48502304147465436,0.043227162394210206,0.033439642218836954,0.020846496498992565,0.015413017004041319,0.01692836202021664,0.0,0.0,0.0,0.0,0,0
96,2020-11-27,0.023726775593869168,2.1966194416565684e-05,0.00013149563480146972,0.00016434166493479546,,0.48502304147465436,0.03871611001170705,0.03416557230612237,0.021396885311419468,0.015848313310243917,0.01677852299838245,0.0,0.0,0.0,0.0,0,0
97,2020-11-28,0.023465157674652657,2.1753206877937232e-05,7.042524878066893e-05,0.00016472021173393614,,0.48502304147465436,0.0353940779079064,0.03407106587292106,0.022106430058881087,0.016162640028721417,0.01657523462010297,0.0,0.0,0.0,0.0,0,0
98,2020-11-29,0.025823036538453043,2.3979923319358875e-05,2.4033614797268984e-05,0.173734354540153,,0.48502304147465436,0.030661832319282635,0.034546027595346765,0.022903940326824978,0.01645177224034312,0.01639117581509601,0.0,0.0,0.0,0.0,0,0
99,2020-11-30,0.032769865008913115,2.9954515901796162e-05,2.7902106256091397e-05,0.012744375967893169,,0.48502304147465436,0.02824252009637686,0.03557997554898946,0.023933306774031382,0.016882045051178792,0.01637490966302369,0.0,0.0,0.0,0.0,0,0
100,2020-12-01,0.03677587532023856,3.3804218962489365e-05,5.338060298922157e-05,4.192737469912595e-06,,0.6763952892985151,0.028512142027225323,0.03586965221071773,0.02498444452660368,0.017394297374750633,0.01642530342286512,0.021709759549774874,0.0,0.0,0.0,0,0
101,2020-12-02,0.030675606424538725,2.8396333483326796e-05,5.3968030649607204e-05,0.17567002692157094,,0.6763952892985151,0.02990190819335924,0.03430900910253311,0.025468964827903163,0.017752723314087344,0.016318268140120454,0.021945942355618822,0.0,0.0,0.0,0,0
102,2020-12-03,0.03935673449434602,0.11203512768901197,3.81333894416793e-05,0.00016794615188755492,,0.6763952892985151,0.03308022355729791,0.03423715073260211,0.02661385757422614,0.018300731314878377,0.016359725168887174,0.022125124339672012,0.0,0.0,0.0,0,0
103,2020-12-04,0.03752926435584724,3.4250776176809713e-05,2.7619832196603767e-05,0.17685344317293672,,0.6763952892985151,0.03542146912077675,0.033041650720029646,0.027566875473039393,0.018845707899624618,0.016477920474347943,0.022064870387636097,0.0,0.0,0.0,0,0
104,2020-12-05,0.02832964801385865,2.6147223548439385e-05,2.916703070714033e-05,0.00016889964311426437,,0.6763952892985151,0.034533425721765855,0.03138797290907132,0.028165163416268464,0.019253254845838633,0.016553264027307862,0.021774880019220805,0.0,0.0,0.0,0,0
105,2020-12-06,0.03162376698877063,0.10496674806458303,2.32863065023176e-05,0.00016940004188268682,,0.6763952892985151,0.03350300405547226,0.031007573041348758,0.028835884072722594,0.019815648276368406,0.016859999304066835,0.02161961633011328,0.0,0.0,0.0,0,0
106,2020-12-07,0.030128994565940266,2.8058629360381628e-05,1.3504834124424245e-05,4.635677488651751e-06,,0.6763952892985151,0.03339368168375257,0.031647794938555865,0.029421086542883862,0.020318708682439176,0.017118807682439213,0.021322194765102623,0.0,0.0,0.0,0,0
107,2020-12-08,0.02863185980225006,2.678999017493048e-05,1.2937362851463607e-05,0.00017004454198413693,,0.6763952892985151,0.031248706745333376,0.03216446515131561,0.03001245889187868,0.020724134630387206,0.017399749256607356,0.021013136087289407,0.0,0.0,0.0,0,0
108,2020-12-09,0.021211613436142286,2.0813296182068592e-05,2.664945010985323e-05,0.000170397776118092,,0.6763952892985151,0.027985176561392384,0.031703322841084534,0.03015546984359867,0.021039804405399095,0.017457976245791623,0.020689476298109036,0.0,0.0,0.0,0,0
109,2020-12-10,0.024163737561781865,2.319348872946379e-05,2.9598397657324584e-05,0.000170968584247077,,0.6763952892985151,0.027151994470977027,0.030842710096371413,0.03048841042610089,0.02145553478732062,0.017548744065870998,0.020299976768800302,0.0,0.0,0.0,0,0
110,2020-12-11,0.022456108861292255,2.1699605280216997e-05,1.3519557385051555e-05,0.00017122282702677628,,0.6763952892985151,0.025318462845481348,0.02941073345047678,0.03084257867317057,0.021732249264452847,0.017640030231601354,0.019911064981083238,0.0,0.0,0.0,0,0
111,2020-12-12,0.01838831120120023,1.7965800959020342e-05,2.0062566579515487e-05,0.0001717930569247422,,0.6763952892985151,0.022970326172533344,0.028182003928142928,0.030919412132377973,0.02186405066731956,0.017687976583767494,0.01949909244892979,0.0,0.0,0.0,0,0
112,2020-12-13,0.020949445038465048,2.023997964693072e-05,1.3366839701214962e-05,0.0001720575940665767,,0.6763952892985151,0.021433843219776344,0.026341274982554834,0.030780981053649948,0.022056005817137358,0.01774103036883984,0.01922799620809952,0.0,0.0,0.0,0,0
113,2020-12-14,0.024456167758279117,2.322282539485944e-05,1.9604067210211267e-05,4.824395378799473e-06,,0.6763952892985151,0.02208275408420371,0.025033965322798023,0.030916290991413273,0.0222737180469207,0.017826079184345995,0.019122471781907333,0.0,0.0,0.0,0,0
114,2020-12-15,0.02442593735391821,2.3419958510449076e-05,1.4068358654128638e-05,0.00017295747754498097,,0.6763952892985151,0.02213519404263098,0.02464359425680398,0.030996113066670557,0.022498418144759818,0.017957613524739246,0.019258829722015484,0.0,0.0,0.0,0,0
115,2020-12-16,0.032811809132409,3.1377662263560826e-05,3.876224059943356e-05,0.0001732933658777201,,0.8631272401433692,0.024206334096854326,0.024762398471167818,0.030953421083848683,0.02272572504675,0.018205857643195093,0.01931989082092988,0.0,0.0,0.0,0,0
116,2020-12-17,0.03510606690805326,3.291102502083491e-05,5.2248208049551333e-05,0.00017481485238043625,,0.8631272401433692,0.02754988523822493,0.025260105705379114,0.030506382259915418,0.023003147244700553,0.018550750848560255,0.019451304728850496,0.0,0.0,0.0,0,0
117,2020-12-18,0.03488033973963943,3.2775273660960745e-05,7.927346399245204e-05,0.18403743730482586,,0.8631272401433692,0.030336064178459805,0.02588495369911805,0.030298583121754756,0.023427407433003252,0.01891029355799509,0.019658086612301555,0.0,0.0,0.0,0,0
118,2020-12-19,0.03541086885656603,3.295978926751003e-05,4.1743020697752184e-05,0.0001768614876278511,,0.8631272401433692,0.03252700439811719,0.027304879241160422,0.029735647296754528,0.024020331458231556,0.019242023947199784,0.019767057558913215,0.0,0.0,0.0,0,0
119,2020-12-20,0.03480400399406746,3.286986704380293e-05,3.770247033981284e-05,0.00017840571234475618,,0.8631272401433692,0.03460261772614704,0.028368905884388985,0.029333150411579547,0.024569369797560595,0.01958069126434077,0.019901228481646674,0.0,0.0,0.0,0,0
120,2020-12-21,0.031201826844290296,2.9467044650306897e-05,4.116785047447282e-05,5.0868850493393915e-06,,0.8631272401433692,0.0342806212685233,0.02924347768268879,0.02916411285871131,0.02500530467885191,0.01999671562226464,0.019987299729840313,0.0,0.0,0.0,0,0
121,2020-12-22,0.024427494855050937,2.4183156960188728e-05,6.413140062342166e-05,0.0001803864715800075,,0.8631272401433692,0.03214490685792283,0.02984739604807386,0.029192141629158577,0.025294513470288996,0.02029625608321546,0.01988192765607649,0.0,0.0,0.0,0,0
122,2020-12-23,0.03043385302025872,2.9169898904533943e-05,6.528630181638437e-05,0.0001813725747242771,,0.8631272401433692,0.03125560951404669,0.03079583684625322,0.02947088944298282,0.025788659750931933,0.020598723166808545,0.019799148325822937,0.0,0.0,0.0,0,0
123,2020-12-24,0.020848701686356563,2.0858671889011007e-05,6.281386729577941e-05,0.0001828908450320651,,0.8631272401433692,0.028343176080004796,0.030435090239060963,0.02927191604889896,0.026087928187861945,0.02072515350986173,0.01961136087354675,0.0,0.0,0.0,0,0
124,2020-12-25,0.029939339767064647,2.8765663515154766e-05,5.6729322815133286e-05,0.00018381545530802827,,0.8631272401433692,0.02737024323460423,0.030986430480375603,0.02915869503922502,0.02654600090662818,0.020974261713860864,0.019570856007074026,0.0,0.0,0.0,0,0
125,2020-12-26,0.031660973427668444,3.0448016736387403e-05,3.612079665850933e-05,0.19371907951132414,,0.8631272401433692,0.02746207255127986,0.030871346909901547,0.02895409896352222,0.02696927174506293,0.021247564571007824,0.019557502308029398,0.0,0.0,0.0,0,0
126,2020-12-27,0.031658895708298336,3.005392042068537e-05,7.945204904833256e-05,0.00018717653383742606,,0.8631272401433692,0.028908352721929337,0.03052662978992605,0.02899343053487261,0.027231197681387865,0.021499625721015762,0.019487058738808495,0.0,0.0,0.0,0,0
127,2020-12-28,0.030082244171974783,2.9427964305459693e-05,0.00013090901916045037,0.014062290787147795,,0.8631272401433692,0.028838030952272546,0.030046820233159587,0.02862245092197776,0.027618154248101927,0.021741304517244833,0.01942540660715982,0.0,0.0,0.0,0,0
128,2020-12-29,0.06398879469860988,5.923028481533722e-05,0.00023193776344086056,5.660754973954171e-06,,0.8631272401433692,0.03746604955472321,0.03290461281736397,0.029680832135688263,0.02862385380436381,0.0224574159783125,0.01977864838968303,0.0,0.0,0.0,0,0
129,2020-12-30,0.08642729447832236,7.963637071190773e-05,0.0003870692662240054,0.00020048010775112465,,0.8631272401433692,0.04876364049697476,0.03806694186578946,0.03200473799426681,0.030084950705267618,0.023503749228648025,0.020416132519047604,0.0,0.0,0.0,0,0
130,2020-12-31,0.07924715804134728,7.228392208155179e-05,0.00027165365092475,0.0002054126422795995,,0.8448860727086533,0.05828087741971053,0.042871474985495164,0.033909673636369875,0.031372778854546216,0.024513656729702227,0.021122417887142596,0.0,0.0,0.0,0,0
131,2021-01-01,0.12741003822386396,0.00011323546943693584,0.0004617565240866095,0.22066233256187165,,0.818836405529954,0.07743110592282366,0.05316972932237647,0.037800915382686824,0.03361100096278532,0.02614611091585506,0.02228933460750112,0.0,0.0,0.0,0,0
132,2021-01-02,0.10295055935969627,9.342202785265657e-05,0.3953493040940157,0.0002174389521117771,,0.818836405529954,0.09200476896036795,0.06042139995632022,0.04077366336498467,0.03539306112843165,0.027407310875253027,0.02324322778370169,0.0,0.0,0.0,0,0
133,2021-01-03,0.12404164799456427,0.00011280534223620776,0.0004509596783946784,0.22843092470755408,,0.818836405529954,0.10401533961955885,0.070740694587141,0.04488686474732155,0.03752116729546009,0.028988824519373246,0.02431519837117411,0.0,0.0,0.0,0,0
134,2021-01-04,0.14842583152124064,0.21152443903516444,0.0004862440092026456,6.919679312137278e-06,,0.818836405529954,0.11641504702814251,0.0825893437625586,0.0498573485056999,0.04017287946590037,0.030922806026780384,0.02562589517582823,0.0,0.0,0.0,0,0
135,2021-01-05,0.12497769339167479,0.00011266092378882068,0.00042731009669552184,0.0002249975559951463,,0.818836405529954,0.125561154098208,0.09192101575895922,0.05395821188691521,0.04240039528004286,0.032474236805273636,0.02671957564542982,0.0,0.0,0.0,0,0
136,2021-01-06,0.13505897875678413,0.0001226067209810668,0.0002550444959575512,0.00022904182275557946,,0.818836405529954,0.12709094220479206,0.1022610240638078,0.05862503858913857,0.04477222536075824,0.034117713307925894,0.027922242085110262,0.0,0.0,0.0,0,0
137,2021-01-07,0.1438399364987282,0.00013159796334643982,0.00032582061622063766,0.24019249906121581,,0.818836405529954,0.1352688176325984,0.11363679329648313,0.06354065824754909,0.047160819650599484,0.03588422329394127,0.029190937338517152,0.0,0.0,0.0,0,0
138,2021-01-08,0.13353484575072036,0.00012068549940443282,0.00031958777396004983,0.0002338744693275337,,0.818836405529954,0.13716745718382964,0.12059139840169417,0.06790380536724674,0.049410048179329966,0.03748374715369605,0.030345510730071176,0.0,0.0,0.0,0,0
139,2021-01-09,0.12576648072599048,0.00011449674279455846,0.0002634400264067573,0.24499358638431976,,0.818836405529954,0.1326355870247796,0.12452531702646097,0.07195742710212963,0.05147677008440005,0.03898475446388309,0.031457566919086834,0.0,0.0,0.0,0,0
140,2021-01-10,0.13645024984597318,0.00012435661666753022,0.00016929487296979314,7.545265311313142e-06,,0.818836405529954,0.1349300983156393,0.13024562620692356,0.0761029647306722,0.0535281929072604,0.040518138274724065,0.032680134415064364,0.0,0.0,0.0,0,0
141,2021-01-11,0.12615429378540288,0.00011511674116631445,0.0001902707502496982,0.016262471915126992,,0.818836405529954,0.13314916132136304,0.13012005176307748,0.07974489380576619,0.055125638032840756,0.04191706276505576,0.03384928658786173,0.0,0.0,0.0,0,0
142,2021-01-12,0.10225552412921352,9.350738685875512e-05,0.00043301607933976825,7.696368504140085e-06,,0.818836405529954,0.12483227884746011,0.1300505482400292,0.08243990118134915,0.05636924215155191,0.043098238682451884,0.034792695463833595,0.0,0.0,0.0,0,0
143,2021-01-13,0.10137745373397897,9.292249239198346e-05,0.00019207211664532236,7.915838416560423e-06,,0.818836405529954,0.11840080044411183,0.12778412881397067,0.08507856457644568,0.057407105936600054,0.04437307583096959,0.03570115910451124,0.0,0.0,0.0,0,0
144,2021-01-14,0.16530004837792314,0.22463925271010107,0.0004971413661514991,0.2578175121284356,,0.818836405529954,0.12630751397449835,0.12947155049963893,0.0902984063517999,0.05981577838168968,0.046479048648973696,0.037260120036205546,0.0,0.0,0.0,0,0
145,2021-01-15,0.24248311649869211,0.000218154359319203,0.0009018091122228494,0.00025314479944724106,,0.818836405529954,0.14751408730504215,0.14122209281034065,0.09874965793797598,0.0639568853983436,0.049586755765226594,0.03968495120119246,0.0,0.0,0.0,0,0
146,2021-01-16,0.21500407074715808,0.00019254896377707403,0.0009914575541560098,0.0002584465298026521,,0.5387224782386073,0.1652840426973932,0.14921660200937806,0.10637272097366025,0.06778243130140937,0.05232058263807942,0.04181537230582665,0.0,0.0,0.0,0,0
147,2021-01-17,0.33214067419922005,0.0002984389773575399,0.0018020049063625374,0.0002642670977306064,,0.5387224782386073,0.21126107271139447,0.16804667577942725,0.1184409938208187,0.07395594163190071,0.05667277110756085,0.045059290830311086,0.0,0.0,0.0,0,0
148,2021-01-18,0.30159634455580364,0.00027125284913966417,0.0010592412203024246,9.985736222698853e-06,,0.5387224782386073,0.25130485087575943,0.18485282565993558,0.1296708995355966,0.07947140779224773,0.060615585303773485,0.047961590016295436,0.0,0.0,0.0,0,0
149,2021-01-19,0.28861105174909846,0.00025839262802215834,0.000562664259825532,0.01847193394136914,,0.5387224782386073,0.27596705154999446,0.20113728276224635,0.14001776801487792,0.08458823152705143,0.06436992327604477,0.05073513828911513,0.0,0.0,0.0,0,0
150,2021-01-20,0.2900599642816327,0.0002637852795923508,0.0005022168344593895,0.28504473759466986,,0.5387224782386073,0.2854824211065826,0.2164982542058123,0.1503537276490365,0.08965391330627931,0.0680974237130541,0.05352410534051499,0.04435781080194303,0.0,0.0,0,0
151,2021-01-21,0.3232326788461125,0.0002897985931151134,0.0007479184655468158,0.0002796383854344541,,0.5387224782386073,0.3071281427263735,0.23620609271188328,0.16201667897454908,0.09550505475471079,0.07215969144577493,0.05662888903439908,0.046465646488649495,0.0,0.0,0,0
152,2021-01-22,0.27806339610260433,0.00025700864261028224,0.0007553470369583955,0.2910417142769294,,0.5387224782386073,0.29631268710705033,0.2537868799092224,0.17193592505177427,0.10027918798687596,0.07572407784932603,0.05928995965087719,0.048176478888740014,0.0,0.0,0,0
153,2021-01-23,0.3056554042785787,0.00027685687205277707,0.000667681914683023,0.0002853125999830492,,0.5387224782386073,0.2971244990516053,0.27421467496368235,0.181602589434973,0.10564171078533058,0.07961676568123353,0.06224370934247761,0.04992381718686761,0.0,0.0,0,0
154,2021-01-24,0.3389317858824093,0.00030334721804278536,0.0005314153611960174,0.0002890311559112709,,0.5387224782386073,0.30718864587826744,0.291577848714131,0.19170276909113648,0.11185375354270159,0.08395755683389056,0.06555350419427013,0.05180117119371442,0.0,0.0,0,0
155,2021-01-25,0.32507780685617316,0.00029417009019172145,0.00035873228674982897,1.0761753388345515e-05,,0.5387224782386073,0.3141922143931756,0.2998373177498791,0.20153599504372952,0.11772283434004964,0.08809385091760731,0.06876924130820904,0.05365402233342542,0.0,0.0,0,0
156,2021-01-26,0.3073363332770605,0.0002773223176121912,0.00039167806637272157,0.0002951810371603947,,0.5387224782386073,0.3110129452793651,0.3090705440028694,0.20873304684585736,0.12326698111427203,0.09198501625714267,0.07179284489835563,0.05530379021482579,0.0,0.0,0,0
157,2021-01-27,0.30413937056104223,0.0002752114327262425,0.0003031385850025249,0.00029775831708991516,,0.5387224782386073,0.3162281401710527,0.3062704136390516,0.21678059929391122,0.1287771313294479,0.09585557385025818,0.07475063297991758,0.056934467834675595,0.0,0.0,0,0
158,2021-01-28,0.26630875602491555,0.00024079291568947545,0.0003132674921454246,0.0003027004294301067,,0.5387224782386073,0.3083588105203201,0.30274165478596277,0.22247128361512528,0.13367907418122335,0.09917120606868182,0.07735943929331124,0.0583526755924805,0.0,0.0,0,0
159,2021-01-29,0.301055910993862,0.00027206885373687084,0.0003591558160687796,0.0003070306937592667,,0.5387224782386073,0.3007836355426107,0.3039861407104391,0.22857648679403014,0.13921691764986494,0.10297408190861031,0.08033622621859282,0.05993895706248854,0.0,0.0,0,0
160,2021-01-30,0.29850234500835293,0.0002713959110561838,0.0004444019238752527,0.3194507011631781,,0.5387224782386073,0.2954685431730466,0.30483037878311114,0.23551747285869723,0.14473784237280615,0.10677275447292767,0.08323504581862955,0.06151999077832425,0.0,0.0,0,0
161,2021-01-31,0.289830048339081,0.000262210192645844,0.00021661518388890296,0.000314351456306201,,0.2986751152073733,0.2919672861854507,0.301490115732408,0.2417083156419891,0.15016667711556375,0.11041758878783521,0.08601536389144171,0.06305495400447449,0.0,0.0,0,0
162,2021-02-01,0.2830822518266879,0.00025560426288039366,0.00026677486507358585,1.3085395282196575e-05,,0.2986751152073733,0.2877558624385798,0.30199200130481635,0.24727800825510748,0.15540933325132822,0.11386654918543551,0.08873266953423282,0.06462177522250913,0.0,0.0,0,0
163,2021-02-02,0.2867509986812629,0.0002605242741285459,0.00021952771693351645,1.376484931968257e-05,,0.2986751152073733,0.2918443109698493,0.30010156074508476,0.2534066543723292,0.1606552298697879,0.11740891691032976,0.09146447395835434,0.06630005781120091,0.0,0.0,0,0
164,2021-02-03,0.30633206132859014,0.0002806118252230779,0.00031830843605650986,0.3355082449707097,,0.2986751152073733,0.2928995410367949,0.2968415882897028,0.2606292775964332,0.1662933523492813,0.12119427258841114,0.09439588524702062,0.06827033726443749,0.0,0.0,0,0
165,2021-02-04,0.38854330202045284,0.00035084034156541755,0.0006044216469488885,0.3410279087257174,,0.2986751152073733,0.3109077324392149,0.3031881378061308,0.27071299968341234,0.17340798220704218,0.1259231284993111,0.09806685362689616,0.07068258794963404,0.0,0.0,0,0
166,2021-02-05,0.36311992074878746,0.00033184555977678465,0.5755896222875596,0.00033646200389686947,,0.2986751152073733,0.32556570692115616,0.3087664965533035,0.28019162476194776,0.17996825928385685,0.13014763360920978,0.10148570326427876,0.07295695624718601,0.0,0.0,0,0
167,2021-02-06,0.392557563571088,0.000354316336683909,0.0004143331824870117,0.00034118848710313384,,0.2986751152073733,0.34746076927003616,0.3176083158543081,0.2918037063396227,0.18712180376048582,0.13484739688090888,0.1052746055967446,0.07547932566169638,0.0,0.0,0,0
168,2021-02-07,0.38065869737508373,0.00034395383941032795,0.0003181167436233898,0.00034533969272137886,,0.2986751152073733,0.3662423090088004,0.32904330998932496,0.3029749560852669,0.1940267603308562,0.1392630559861557,0.10902354589454394,0.07785362514956094,0.0,0.0,0,0
169,2021-02-08,0.36422310145808123,0.0003290910173200567,0.0003534374038993357,1.7581822350781495e-05,,0.2986751152073733,0.3778205170346986,0.33536002903574685,0.31093187820847323,0.2006151422801365,0.14352114499061758,0.1125922560388486,0.08013919974781,0.0,0.0,0,0
170,2021-02-09,0.4411880710567076,0.47256947512679776,0.000667840945632755,1.8165054272280575e-05,,0.2986751152073733,0.38834947084194954,0.3496286016405823,0.31888007639079385,0.20881486716438485,0.14893128239582706,0.11691008592161843,0.08292982220802188,0.0,0.0,0,0
171,2021-02-10,0.44270235193147833,0.0004019578771784568,0.0004479143372745265,0.0003589674890817156,,0.2986751152073733,0.40426595707848767,0.364915831999822,0.32798800763816666,0.2171803643059134,0.15451762341366185,0.12123743888810125,0.08564807320602216,0.0,0.0,0,0
172,2021-02-11,0.45374709693314286,0.0004124164007855599,0.0005117683972006761,0.0003632051099597821,,0.2986751152073733,0.4165038637508986,0.38198231651046755,0.33285226454752354,0.22564662918417105,0.16025471593710838,0.12571764446755154,0.08841497527860569,0.0,0.0,0,0
173,2021-02-12,0.48901982148199047,0.00044193330439123833,0.0005038652031901634,0.00036799086835275554,,0.2986751152073733,0.4381760885722799,0.40220919879054035,0.340349203624571,0.23501005158008376,0.16643067306968887,0.1305489898839729,0.09141092444239246,0.0,0.0,0,0
174,2021-02-13,0.5712657737069717,0.0005171071758470287,0.0006079729524142946,0.00037300932955950354,,0.2986751152073733,0.47958462302205795,0.42870257002837847,0.35165539250288597,0.24583658025888191,0.17361061851899634,0.1361912905827551,0.09499276409101004,0.0,0.0,0,0
175,2021-02-14,0.5553699357753852,0.0005040171207448564,0.00054514498485279,0.00037799104631463235,,0.2986751152073733,0.5024209959657935,0.4453852334038717,0.36226779136263604,0.25631075950583626,0.18052520599173164,0.14164001562544964,0.0984752547072984,0.0,0.0,0,0
176,2021-02-15,0.5347441702084124,0.0004872684139765743,0.0003785642159853157,0.029383304605909853,,0.2986751152073733,0.5208293596211803,0.4625476583498342,0.37072825101712803,0.26637246499583855,0.18724612017551662,0.14680183133861324,0.10178219415781854,0.0,0.0,0,0
177,2021-02-16,0.5490094974840181,0.0004942467760803699,0.0005959537247556727,2.1344667053565393e-05,,0.16013824884792627,0.5398818397313554,0.47819285174112725,0.3815660950723846,0.27675101006207936,0.19404149034871224,0.15218458215509073,0.10520060775879973,0.0,0.0,0,0
178,2021-02-17,0.6075395088040784,0.0005494412398870863,0.0006536250429699062,0.00039487086657602347,,0.16013824884792627,0.5635857771957731,0.5008809328840267,0.3936414592534046,0.28762202434418876,0.20164162694135535,0.15812293907427635,0.10905977370785166,0.0,0.0,0,0
179,2021-02-18,0.644668502667598,0.0005812945795245312,0.0005572533814982593,0.4091787317865818,,0.16013824884792627,0.5782663229878983,0.5289254730049785,0.40587092792481216,0.29878684850797427,0.20985947833673851,0.16443589960662103,0.11320637118202323,0.0,0.0,0,0
180,2021-02-19,0.6263873697590683,0.0005658390933735865,0.00034004219006840636,0.00040545442349098476,,0.16013824884792627,0.5924698097846349,0.5474454028752145,0.41792331044092795,0.3097296527423287,0.2177896597070092,0.17055121579843754,0.11732482950553805,0.0,0.0,0,0
181,2021-02-20,0.7156295852181794,0.0006456290443034048,0.0006775104108605455,0.00041199493797655645,,0.16013824884792627,0.6286468927865883,0.5747381262038846,0.4342550405185727,0.32149404368221496,0.22692966758237232,0.1775525223225002,0.12202423763240582,0.0,0.0,0,0
182,2021-02-21,0.8154747898590561,0.0007212484308211347,0.0012783964161475624,0.4267681544441691,,0.16013824884792627,0.6819399512615959,0.6109108954964759,0.4547084572904933,0.33574452829220214,0.23742090664979643,0.18556879471031698,0.12741032795320192,0.0,0.0,0,0
183,2021-02-22,0.8236279189864651,0.000737194269376287,0.0007026659236343858,2.522497170825115e-05,,0.16013824884792627,0.7251576332980731,0.6443717052469233,0.47700122380895527,0.34973625371204015,0.2481197907238007,0.1936287105037502,0.1327888834847962,0.0,0.0,0,0
184,2021-02-23,0.7764919483540651,0.0006987558949703253,0.001072699541907006,0.00042713300459911395,,0.16013824884792627,0.7515223224353667,0.6648943227116327,0.49601866530336347,0.3622975760486966,0.25815083353436447,0.20123522775729857,0.13784978880011775,0.0,0.0,0,0
185,2021-02-24,0.6993225901361096,0.7085727747395423,0.0014747190568874706,0.00043034546398919456,,0.16013824884792627,0.766109366510775,0.6792895881477052,0.5120514751084737,0.37378447398358533,0.267175719951362,0.20809243463181418,0.14240787509148173,0.0,0.0,0,0
186,2021-02-25,0.6831079029013846,0.0006212318461467411,0.0007754690580227006,0.0004369557672802947,,0.16013824884792627,0.759605030047416,0.6941259614170023,0.5277825892909659,0.3847454524664773,0.2760386478406978,0.21475883891361786,0.14686331221223267,0.0,0.0,0,0
187,2021-02-26,0.6262306026791987,0.0005734377366062405,0.000581171242099143,0.0004402560964350464,,0.16013824884792627,0.7217561926114444,0.7018480719365204,0.5415085233250663,0.3943932657900867,0.2841090632759076,0.2207770427203432,0.15092504682237376,0.0,0.0,0,0
188,2021-02-27,0.6302236112242663,0.0005714997534087854,0.0009234540271326085,2.6649328468035643e-05,,0.16013824884792627,0.6830753310590046,0.7041164821785393,0.5552474278267865,0.40432704109955764,0.29218596252212076,0.22686854463944392,0.15500602085323342,0.0,0.0,0,0
189,2021-02-28,0.6859044967316762,0.0006178544591257979,0.0008868759810431602,0.0004477465633863977,,0.16013824884792627,0.6649578407345269,0.7082400815849471,0.5704303252429099,0.4155298014196714,0.30100567664715755,0.23350328575203583,0.15948164508594842,0.0,0.0,0,0
190,2021-03-01,0.6776956080385071,0.0006226212311645965,0.0008121622996099261,0.03609108483669181,,0.06928443420378905,0.6606324443150065,0.713370905412891,0.5819964174836321,0.42635470858352215,0.30960412729923886,0.23994145074539136,0.163904992471217,0.0,0.0,0,0
191,2021-03-02,0.7225968577444116,0.0006568365081851399,0.000570741473427323,0.00045391969708380697,,0.06928443420378905,0.6685302352836118,0.7140676326655143,0.5963754949634571,0.43828355986270223,0.318770671177057,0.24670459894777164,0.16866071101280863,0.0,0.0,0,0
192,2021-03-03,0.7388142796593297,0.0006717442116356425,0.000634433057583717,0.00045982730012749106,,0.06928443420378905,0.691046970679638,0.7064015816455417,0.6102257636069868,0.4510147349733046,0.32815645704265284,0.2536919885624284,0.17353337530032398,0.0,0.0,0,0
193,2021-03-04,0.7565166541750408,0.7656290808906205,0.00043604520605083804,0.0004636873632546566,,0.06928443420378905,0.716305579269793,0.6996904551643992,0.6252600818789849,0.46411751898212583,0.33777120084689916,0.2607623124593631,0.1785066123970495,0.0,0.0,0,0
194,2021-03-05,0.7215909557378675,0.0006558700514525914,0.0004798696881852189,0.47657564178866463,,0.06928443420378905,0.7234428710710313,0.6942003559027794,0.6395547960501764,0.47524333712932476,0.34692836020348317,0.26752955775550735,0.183254525733912,0.0,0.0,0,0
195,2021-03-06,0.6861038187078697,0.0006205064468554615,0.0005257966841212454,0.0004719903959604228,,0.06928443420378905,0.7251245132049038,0.6928784787599555,0.6493514259562229,0.4841157511735083,0.35566038676166417,0.27403631828592606,0.18782855119196445,0.0,0.0,0,0
196,2021-03-07,0.6807969619942087,0.0006200787982317724,0.0002438288964790361,0.00047600141847067655,,0.06928443420378905,0.7167645340548632,0.6926473846692379,0.6588752103587319,0.49343160899844923,0.36441197965685296,0.2806070201499295,0.19235411787003423,0.0,0.0,0,0
197,2021-03-08,0.7210944659246739,0.0006542425102713758,0.00027309988536904843,2.9605229088941876e-05,,0.06928443420378905,0.713220571307932,0.7021337709937854,0.6695691051183931,0.5012106848329584,0.37362078782891184,0.2875833132324297,0.1971097554978602,0.0,0.0,0,0
198,2021-03-09,0.7249833203492198,0.0006594654934784045,0.0002838991422346054,2.9788550102465638e-05,,0.06928443420378905,0.7069139045427677,0.7116097419062808,0.6790076450730824,0.5096784243488267,0.38300924941108333,0.2945749160705374,0.20186720146047255,0.0,0.0,0,0
199,2021-03-10,0.8036929722685817,0.0007338938341909083,0.0005354730391255374,0.4960549447707715,,0.06928443420378905,0.7233343078489106,0.7233885894599713,0.6883047330155467,0.5199800627592164,0.3933259645111036,0.30228414714313406,0.20715011311248224,0.0,0.0,0,0
200,2021-03-11,0.7875940508245453,0.0007204899876229772,0.0005439618803041876,0.0004908788752112953,,0.06928443420378905,0.7436323542722457,0.7343784337385751,0.6975936976175131,0.5299307444900747,0.4034050722097286,0.30979232889817715,0.21232631839036822,0.16575104422397594,0.0,0,0
201,2021-03-12,0.7607141128295741,0.0006935913264163372,0.0003800583734807636,0.0004939516806780228,,0.06928443420378905,0.7596157844393188,0.7381901592470914,0.7066324953223596,0.5386803731697439,0.4131258084380123,0.3170927139622275,0.21731271707951402,0.1695193281589231,0.0,0,0
202,2021-03-13,0.7380804949449176,0.0006741870000290749,0.00031834602392854513,0.5067218303578395,,0.06928443420378905,0.7630129902433677,0.7381167807756501,0.7141953352207956,0.5478807151465902,0.4225657851149848,0.32407995156673325,0.22215354481611485,0.17310253795320255,0.0,0,0
203,2021-03-14,0.7753593928133113,0.7902477272070171,0.00035848901376007736,0.0005036320381597427,,0.06928443420378905,0.773088204736186,0.7400010546394771,0.720908130581165,0.5572747949172849,0.43205072642318093,0.3314582528513079,0.22725407120074667,0.1767615616194719,0.0,0,0
204,2021-03-15,0.7618470161859981,0.0006993920556924463,0.0002510043049632834,3.143613404426838e-05,,0.06928443420378905,0.7647190135196691,0.7440266606842901,0.7255952711219009,0.5657330995233567,0.4410563227126166,0.3387934265330293,0.23228003597063226,0.18028415327612496,0.0,0,0
205,2021-03-16,0.7090712770320443,0.0006531835195382975,0.00046771347449634285,3.161965463138885e-05,,0.011968766001024065,0.7490144587611689,0.7463234065167076,0.72890262741282,0.5734129689268742,0.44945397763249256,0.345567901633462,0.23698381718109734,0.1835937589817876,0.0,0,0
206,2021-03-17,0.7391962853750923,0.0006710816939234552,0.000386874127687401,0.0005122932928335721,,0.011968766001024065,0.7447108932702726,0.752163338854796,0.7298452954190967,0.5820501679688348,0.45761112759450895,0.3526585745415535,0.24187861925518198,0.186990384653328,0.0,0,0
207,2021-03-18,0.7524601920040953,0.7632936646760246,0.0003339329928839481,3.1940521326784235e-05,,0.011968766001024065,0.7475868326821081,0.7552999114627381,0.7273247115048982,0.5910165843976959,0.46627125602976754,0.35989685786357195,0.24683928345251027,0.1904549969754306,0.0,0,0
208,2021-03-19,0.7414403302890281,0.0006793140983709542,0.0002670163635376719,3.2162891649164504e-05,,0.011968766001024065,0.7408030201772515,0.756945612456719,0.7240372079570007,0.6005192158829781,0.4745032384603604,0.3670991450321008,0.2517460314898668,0.19389431066510487,0.0,0,0
209,2021-03-20,0.8037336986939314,0.0007372726820897979,0.00043950623598112737,0.5354315036661608,,0.011968766001024065,0.7491803566788382,0.756949685099254,0.7251268779705954,0.6105727716369794,0.4832406766893297,0.3748948446434223,0.25708174135805495,0.19759741070611125,0.0,0,0
210,2021-03-21,0.787117811928665,0.0007255586600316509,0.00039104373424030966,0.0005333522269107297,,0.011968766001024065,0.7647896636581623,0.756902061209666,0.7286386868422976,0.6203450809753858,0.4920692116031562,0.3825414616740961,0.26227172420421485,0.20122626332758958,0.0,0,0
211,2021-03-22,0.7697313448759192,0.7821376352287351,0.00030508162498815256,3.273739847760734e-05,,0.011968766001024065,0.7708966755583276,0.7578037844143005,0.732103624521279,0.6299431069061225,0.500531509818078,0.3900548920108433,0.2673246115630019,0.20477699222988646,0.0,0,0
212,2021-03-23,0.7384219335887418,0.7545052692788016,0.0002931484566035027,0.5518863559118502,,0.011968766001024065,0.7680890238752569,0.757837928278683,0.7365912777576606,0.6390499005413636,0.5084592697792782,0.397229616896346,0.27217174653660964,0.2082288065522227,0.0,0,0
213,2021-03-24,0.7151947952719342,0.0006564088165352924,0.0002720744379133542,0.0005514462298096215,,0.011968766001024065,0.7628399168718382,0.7518214685245452,0.7399901251195673,0.647618776473177,0.5162147357728943,0.40413700317148255,0.27684924146329515,0.2116297374766949,0.0,0,0
214,2021-03-25,0.6255244848283756,0.0005781392523589798,0.0004706403397427102,3.344391600212526e-05,,0.011968766001024065,0.7271980740987269,0.7381892153887831,0.7375749246434353,0.6540026249431727,0.5228781758275928,0.41014798864622715,0.2809314651457379,0.21470340918412126,0.0,0,0
215,2021-03-26,0.6101296076099252,0.0005606903611352826,0.0005856942196954137,0.0005616046899621309,,0.011968766001024065,0.6918004332349789,0.7282950484465712,0.734872284626292,0.6584343510549623,0.5291939005977788,0.41592116663100226,0.28485601943625144,0.21762052872596604,0.0,0,0
216,2021-03-27,0.6905391263682007,0.0006329069450075008,0.0003124006964153466,0.0005666214919276555,,0.011968766001024065,0.6759619895334351,0.723429332545882,0.7335899753712435,0.6649827351673505,0.5367190316988828,0.42247549722560374,0.2893180472319693,0.2209634009772271,0.0,0,0
217,2021-03-28,0.6786401914351846,0.000624282850596679,0.0002565635414956125,0.0005722607390954831,,0.011968766001024065,0.6640056411027238,0.716047332488991,0.7311830118422777,0.6707043877246325,0.5444041605962958,0.4289130957425592,0.29375119963937385,0.22428559117743035,0.0,0,0
218,2021-03-29,0.6679804959535762,0.0006137380714813232,0.00020351617515838597,0.042653034365502496,,0.011968766001024065,0.6545627812390522,0.7087013490554458,0.7276415655134191,0.6764508236962024,0.5519588678258904,0.43523879201352933,0.29816597182843,0.22750292478622125,0.0,0,0
219,2021-03-30,0.7166045651251314,0.0006557172270656715,0.00019412674515570635,3.421939516827893e-05,,0.011968766001024065,0.6727787972984034,0.6999884356985657,0.7274421098889097,0.6834984529695434,0.5593095947158532,0.44205679762483996,0.3028943216824135,0.2309790130532433,0.0,0,0
220,2021-03-31,0.7050395333696039,0.7237372882028849,0.00022740142802631235,0.0005721646606767881,,0.0,0.6917607824503391,0.6917806078426596,0.728199538475379,0.6887754822158014,0.5654770136074654,0.44879517469009317,0.30753188468634607,0.2343912372099667,0.0,0,0
221,2021-04-01,0.7723666461665819,0.0007139194097590657,0.0006740002161840386,0.0005775161209972211,,0.00012800819252432156,0.7081262864100154,0.6920441379717259,0.731862325842274,0.6953687681005034,0.5729085146130578,0.45627456620320844,0.3126145486255686,0.23807824692964247,0.0,0,0
222,2021-04-02,0.7930042832097346,0.0007300503735734855,0.0005157028431596058,0.0005836241429885719,,0.00012800819252432156,0.7309991047649254,0.6975023729338252,0.7347387185336766,0.7021539118260353,0.5790533627331979,0.4639002705051032,0.3178630669203794,0.24184970941546305,0.0,0,0
223,2021-04-03,0.8723028541959362,0.0007997750282782813,0.0005159011765836966,0.6000608309298288,,0.00012800819252432156,0.7718635764133974,0.7132131788262255,0.7406314998875452,0.7098195724803142,0.586662782861733,0.472414812030199,0.3236391840827533,0.24601308645187284,0.0,0,0
224,2021-04-04,0.8900883084324149,0.8973789296371735,1.0,0.0005971915191550728,,0.00012800819252432156,0.8065603250748541,0.7396695611866294,0.7440873133340985,0.7161960231748232,0.5946824796175105,0.48101630171685256,0.3295262014467777,0.25029357886196324,0.0,0,0
225,2021-04-05,0.9496777420641996,0.9411842897929548,0.0005396176043833966,3.593864022894048e-05,,0.00012800819252432156,0.8554879668137734,0.7736243746320568,0.7505706609836846,0.7240821793005994,0.6034773833212781,0.49019646940321787,0.33578740351716607,0.2548769858556236,0.0,0,0
226,2021-04-06,0.9764182961550177,0.0008841081678007994,0.0005111422919198991,0.0006062998180939845,,0.00012800819252432156,0.8962982968114606,0.8022122916107385,0.7591988283167024,0.7329156618195314,0.6121865248853968,0.4996440634076851,0.3421731081655858,0.25956556107324674,0.0,0,0
227,2021-04-07,0.927078520195219,0.9303218370576566,0.0005496083103050427,0.0006144356378654467,,0.00012800819252432156,0.9231131442085575,0.8270561244867419,0.7667587493267145,0.7404770422737554,0.6208400598732984,0.5086140261679175,0.34828206886131213,0.2640197163875386,0.0,0,0
228,2021-04-08,0.8383778678857852,0.8524430937027423,0.0005874504817034115,0.0006202249916977018,,0.00012800819252432156,0.9163281469465272,0.8440958616799629,0.7692794883296135,0.7450938094553895,0.6279430260547277,0.5163579168997893,0.3537798958679806,0.26806828264473603,0.0,0,0
229,2021-04-09,0.8789747445454574,0.8854228758545918,0.0003314328003747385,0.0006253458210912874,,0.00012800819252432156,0.9141054341691357,0.8603328796219956,0.7739645974639917,0.7497799342929468,0.6351435988369017,0.5242833914004607,0.35955057783539607,0.272349761959754,0.0,0,0
230,2021-04-10,0.8655644602707333,0.000798036102255052,0.00025057376676195,0.0006307465563532439,,0.00012800819252432156,0.8972827778104424,0.8763853723121084,0.7802243247935392,0.7545634761031801,0.6423500875490958,0.5321465644227544,0.3652219692333515,0.2766344911549485,0.0,0,0
231,2021-04-11,0.8844209479468068,0.8898920184124322,0.00031054989270674373,0.0006364951524277014,,0.00012800819252432156,0.8788833081688002,0.887590802490131,0.7860333112964077,0.7579393033577526,0.6500445490780258,0.5397166735199839,0.37101478266758414,0.28100300406374246,0.0,0,0
232,2021-04-12,0.8814694731542948,0.0008128398063913067,0.00029059959045982275,3.707635961210808e-05,,0.00012800819252432156,0.8697614987606153,0.8964373214845871,0.7911936825424157,0.7592591970236575,0.6577422837792692,0.5475018626579299,0.37679892881476357,0.28537254522081573,0.0,0,0
233,2021-04-13,0.8586395318393608,0.0007924067223139541,0.00034140446516437963,3.725609088227937e-05,,0.00012800819252432156,0.8738138315513305,0.8950709892489295,0.7958816506044292,0.7599594292807152,0.6656400274567952,0.5548478414963778,0.3824056167627384,0.28958151993377595,0.0,0,0
234,2021-04-14,0.9214327463168439,0.0008477421017006946,0.0005260438482047058,0.6616125850635869,,0.00012800819252432156,0.8823054319056078,0.8982054330373724,0.8005896125093456,0.7628582452399709,0.673911718594435,0.5625779106443339,0.3884429002515225,0.29410190291008104,0.0,0,0
235,2021-04-15,0.9029647822981177,0.00083349049415889,0.0005856601276763806,0.0006590349757749844,,0.00012800819252432156,0.8897854963110847,0.8935341370607641,0.8052234913241236,0.7669310890832111,0.6819712177582986,0.5703577815333983,0.39437198611561297,0.2985386785894141,0.0,0,0
236,2021-04-16,0.9237151233283089,0.0008531451821220985,0.0004499352326228337,0.0006652648701764982,,0.008736559139784945,0.8976443313873851,0.8882638197780933,0.8113828424622191,0.7717432334917496,0.6904230187581549,0.5782443429791136,0.4004203037729949,0.3030832925321119,0.0,0,0
237,2021-04-17,0.8761322921821171,0.0008112526430260399,0.0005078815920645029,0.0006723495926045871,,0.008736559139784945,0.8965768951929496,0.8831691969767832,0.8168912568059541,0.7767412672818079,0.6983303526295606,0.5855672665359475,0.40609845090749797,0.3073791019372323,0.0,0,0
238,2021-04-18,0.8969655182361501,0.9104732296495429,0.0008895958669835012,0.000678522700810785,,0.008736559139784945,0.9042420924723074,0.8890279620118197,0.8241620857245228,0.7820761054220456,0.7064665462236257,0.5932015732608018,0.41193773156697766,0.31177354199543644,0.0,0,0
239,2021-04-19,0.7800185137422815,0.0007246314396875892,0.00115072519921185,3.8799935274615336e-05,,0.008736559139784945,0.8759592459573948,0.879132338931502,0.830341846881079,0.7839583857622578,0.7127823655891417,0.5997440935909647,0.41698831908877626,0.3156008302550258,0.0,0,0
240,2021-04-20,0.7182600471078927,0.0006701953703527144,0.0005276051292280239,3.9046788023111905e-05,,0.008736559139784945,0.8390182989193498,0.864401897615218,0.8346670644609978,0.7847696745436455,0.7171785888569742,0.6055621915635839,0.4215508586781425,0.31912116298932414,0.0,0,0
241,2021-04-21,0.7277983295995953,0.0006770846400872817,0.6299121668321749,0.7043509558715964,,0.008736559139784945,0.7998349401736071,0.8487396357804968,0.8361574325902535,0.7848737039807492,0.7220409676416516,0.6115786319217258,0.4260943006254305,0.32271395925479385,0.0,0,0
242,2021-04-22,0.6942623585944956,0.0006459154214482257,0.0004950613169170297,0.0007006534462604854,,0.008736559139784945,0.7634609534560829,0.830018924324517,0.8367823192766259,0.7839826655594524,0.7260636982419637,0.6174987002663785,0.43045554756143617,0.3261456978651062,0.0,0,0
243,2021-04-23,0.6786210146544411,0.0006303078803466576,0.0006607462705574429,0.0007052745901555526,,0.008736559139784945,0.719792052739741,0.812017072606025,0.8372079400246606,0.7824247527690403,0.7300365291390217,0.6232711358755831,0.43464979256258857,0.32948614749004734,0.0,0,0
244,2021-04-24,0.657943765034963,0.0006106972307328102,0.9177396571890846,0.0007104282540576755,,0.008736559139784945,0.6953771029982774,0.7856681744778369,0.834861508021054,0.7811518089549823,0.7339528046533802,0.6281975730421536,0.43873697482199864,0.3327288465391796,0.0,0,0
245,2021-04-25,0.5832300792536582,0.0005507209260511815,0.00042718984846333,0.0007158452595423154,,0.008736559139784945,0.6683711094274305,0.7536947041733909,0.8299891298564162,0.779094334165898,0.7358466980960062,0.6316050426697033,0.4423889902459163,0.3356449969354479,0.0,0,0
246,2021-04-26,0.597807881353587,0.0005554933883218103,0.0003368853753453679,3.997418469282154e-05,,0.008736559139784945,0.6423730197782287,0.7211039799759187,0.8230067792638962,0.7774345525530856,0.7379147718216343,0.6354330807757677,0.44621619761764775,0.33862422654079716,0.0,0,0
247,2021-04-27,0.6769179397479632,0.7029153735516921,0.0004935131842726339,4.020735457657383e-05,,0.008736559139784945,0.6389041360089223,0.7011825447325033,0.8183633255254253,0.7765510220295515,0.7408903830591653,0.638880853431255,0.4505725494981365,0.34197007213078306,0.0,0,0
248,2021-04-28,0.7041124366539561,0.0006530889076003245,0.00040464828205585515,0.0007341388608300117,,0.008736559139784945,0.6440024204088253,0.6818972365742839,0.8116357088237461,0.7761336043556463,0.7437582845947917,0.6429060143522365,0.4550944788322399,0.34543380218426606,0.0,0,0
249,2021-04-29,0.6896841886147251,0.00063817608475892,0.0004084883199046144,0.0007403497028587419,,0.008736559139784945,0.6503505051247778,0.6728638040615282,0.8036195440310385,0.7738534286825692,0.7453371967935617,0.6469167457208926,0.4594739076562786,0.348825942005004,0.0,0,0
250,2021-04-30,0.7314520861214563,0.0006742330010823494,0.0003952102013448298,0.0007468098546875684,,0.008736559139784945,0.6799949064983374,0.6741830079628847,0.7948905177933289,0.7727305893885075,0.747684958798176,0.6513306669392908,0.4641050823949533,0.35242738613990304,0.28714695325688216,0,0
251,2021-05-01,0.748730299010465,0.771821491778796,0.0004892663695706852,0.0007528532115530679,,0.047331029185867894,0.710179390029713,0.6762762049039717,0.7857829979075467,0.7724909131121254,0.7505381071822034,0.6555856431409343,0.46889211367885947,0.35610726608766685,0.29011364514956345,0,0
252,2021-05-02,0.7565132256689725,0.0007028969632186846,0.0003355860603871398,0.0007592462732029045,,0.047331029185867894,0.7260984472139148,0.6825012916114194,0.7789603861264968,0.7728595677266066,0.7533048235580029,0.6603701414365979,0.47367315695335693,0.3598300505437377,0.29305394390788325,0,0
253,2021-05-03,0.7503970697848237,0.0006962278604539868,0.00030403027580577086,4.060595193426625e-05,,0.047331029185867894,0.7353553738400883,0.6896788971244576,0.7754411542024583,0.7723603212660367,0.7552095910377461,0.6648175580916603,0.47842560898955006,0.3635306337170692,0.29588131354878483,0,0
254,2021-05-04,0.7680586636640918,0.0007153867592679708,0.00038940086602719416,4.079883005462012e-05,,0.047331029185867894,0.7510302688499616,0.7006903869873705,0.7710045109672038,0.7724845542155987,0.756854793184366,0.6691088268694771,0.48335713576055167,0.36733116553187384,0.2987242334640196,0,0
255,2021-05-05,0.7066874759309438,0.0006661738227337824,0.000549961591567366,0.0007818455798466758,,0.047331029185867894,0.7460773468118591,0.7130361266550991,0.7646494315936123,0.7724368781935766,0.7579254612666577,0.6729249235602249,0.4878575604868328,0.3708470824342172,0.3013623828241453,0,0
256,2021-05-06,0.8417226192669982,0.0007804139182243605,0.0006996159678133535,0.0007896621686283517,,0.047331029185867894,0.7646758108631657,0.7374276004464402,0.7629414984464199,0.7744874048714147,0.7596067017206419,0.6782687864201243,0.49326818465150657,0.3750308156592402,0.3044897886969453,0,0
257,2021-05-07,0.8657925439397333,0.8824811105702993,0.0008721950806820373,0.0007966725878326954,,0.047331029185867894,0.786531674517318,0.7563150608656172,0.7623144212778376,0.7767540519101275,0.7602776051083843,0.6838853181539112,0.4988492558790898,0.37931797556691466,0.30771480796236994,0,0
258,2021-05-08,0.8213717632395959,0.0007624261209232415,0.0006244424694091953,0.0008044182052982484,,0.047331029185867894,0.8007266132082724,0.7680409935241812,0.7608237105338469,0.7783526805691388,0.7602475230317594,0.689435948226058,0.5041836568777796,0.38339769375968485,0.3107859846459116,0,0
259,2021-05-09,0.8148752246541139,0.832364707412247,0.00036051314723269676,0.0008114229104916378,,0.047331029185867894,0.8100899254062769,0.7805600971281201,0.7565614096673378,0.7785755110883424,0.7607593000490934,0.6945741413626605,0.5094550667917285,0.38745518379062693,0.3137930307825575,0,0
260,2021-05-10,0.831529924363433,0.8500500810988381,0.00046473838270822185,4.132544674890008e-05,,0.047331029185867894,0.8350584150927747,0.7905678809523178,0.7537040153499504,0.7794637533370377,0.7625220645054576,0.6999044171562113,0.5148488922284095,0.39156973148742075,0.31687376132947925,0,0
261,2021-05-11,0.748522864354269,0.0006974148026638887,0.0006556333669679371,4.141108968955632e-05,,0.047331029185867894,0.8164184641102287,0.7905471374866982,0.7466963249909888,0.7790395837266046,0.7633942639914961,0.7044913453163631,0.5197164559160965,0.3952533546039028,0.3196295105292301,0,0
262,2021-05-12,0.7984767007782732,0.0007417964067356439,0.0004718628029635442,0.0008378513270680046,,0.047331029185867894,0.8029552954779365,0.7947434849976284,0.743590101334835,0.7802406790703954,0.765690878632817,0.709645289805879,0.5248999709543618,0.3991889796700563,0.3226311810558572,0,0
263,2021-05-13,0.7264057257004927,0.0007001240690002852,0.0008013658578418032,0.0008520746162459856,,0.047331029185867894,0.7839620879701158,0.7923443505891952,0.7367677096334088,0.7804648976789665,0.7669733068258334,0.7140418370760713,0.5295796346739766,0.40275315551721314,0.32539676951714913,0,0
264,2021-05-14,0.8330253683783854,0.000773839820788972,0.0014754015569951213,0.0008640561039779856,,0.047331029185867894,0.7875921167149702,0.7988410210606246,0.7388879838188529,0.7846149153499669,0.7689349184477896,0.7193087701465692,0.534970297547473,0.40685232769679525,0.3286857104172903,0,0
265,2021-05-15,1.0,1.0,0.0010701976277641592,0.0008776352291728081,,0.047331029185867894,0.8212861318422837,0.8281722734675304,0.7501575819345372,0.7924123231977682,0.7732323103406096,0.7254233371263648,0.5414182188199236,0.4117450953766307,0.33257888762032645,0,0
266,2021-05-16,0.9047078104261967,0.9187688164256964,0.0013878606397028106,0.0008886798342240094,,0.028769841269841268,0.852523121056669,0.8344707925834504,0.7572339611676013,0.7966956968789282,0.7756604563763667,0.730839216023139,0.5472155637767112,0.4161624596437091,0.33610986015756733,0,0
267,2021-05-17,0.8887576035361451,0.0008222811507516126,0.0008529367724697465,4.1991350863148416e-05,,0.028769841269841268,0.8705793016082435,0.8367672985430916,0.7650137709652672,0.8008980451209473,0.7776597006947241,0.7358012164227895,0.552908078868688,0.42053791100976734,0.3396080819661338,0,0
268,2021-05-18,0.798403794632686,0.000755132152905185,0.8925144498268877,4.223263001746814e-05,,0.028769841269841268,0.8849789153946823,0.8344705016824007,0.769805082164397,0.8035065110945294,0.7782181959008261,0.7399786673953657,0.5579946983738621,0.42450110664495505,0.34270364204788295,0,0
269,2021-05-19,0.8496147068279,0.0007965463006091003,0.000717302506550708,0.0009179253528517568,,0.028769841269841268,0.8882967830845852,0.8379444498997792,0.7774719198361144,0.8061667139285847,0.7799251792486932,0.7448325834490638,0.5634267697260875,0.42871241974395646,0.34601655322831165,0,0
270,2021-05-20,0.49743300281409486,0.0004842495135354242,0.0018220011063747226,0.0009255967385119794,,0.028769841269841268,0.7877833836474041,0.8045347577448453,0.7740400367785318,0.8020145833174745,0.7774095683701095,0.7453950327666375,0.5665349775658862,0.43115255934412827,0.34791590643146825,0,0
271,2021-05-21,0.5773555885553323,0.0005369094564763626,0.0011933418469662544,0.0009330327696808921,,0.028769841269841268,0.7223129392732313,0.7874180301649515,0.7732219450666017,0.7981143621652497,0.7760303500575912,0.7467415651328762,0.5702211648572214,0.43398950201048897,0.3500854699767639,0,0
272,2021-05-22,0.46047169197008603,0.00043513503233764034,0.0011065293481161622,0.9475329889361643,,0.028769841269841268,0.6366557569600194,0.7536175292841328,0.7645640951554866,0.7914637103404567,0.7725553797381968,0.7468088110832456,0.5730880837835537,0.43626322777539883,0.35177250960046175,0,0
273,2021-05-23,0.41676732091936824,0.00039238388383965755,0.0007323716081934839,0.0009443620429395328,,0.028769841269841268,0.5603284622173559,0.7226536888060204,0.7530702905261031,0.7823529996749253,0.7684458330791322,0.7460862860776193,0.5757275412451069,0.43831763798079637,0.3532810690964833,0,0
274,2021-05-24,0.3263535311201203,0.00030602498496729133,0.0010329900086038623,4.3820278044669215e-05,,0.028769841269841268,0.4556762270757999,0.6719865050801939,0.7385370642263189,0.7710783041286794,0.7620813071971526,0.7436371636517508,0.5777036358541273,0.4399142271172532,0.35445052391530646,0,0
275,2021-05-25,0.44265536437577746,0.00041727203269426125,0.000800205515668333,4.4112606845091234e-05,,0.028769841269841268,0.4447206993881364,0.6162520415177717,0.7269851953564916,0.760937856574911,0.757482124711169,0.7425100179377547,0.5804435984604481,0.4420750167816025,0.35608915999948104,0,0
276,2021-05-26,0.4146812749613417,0.00039186317387694935,0.0006219583362124067,0.0009625045599694733,,0.028769841269841268,0.4121858366693383,0.5672493879712862,0.7136232343945268,0.7497031161510374,0.7528683535395926,0.741309388985284,0.5829970809888017,0.44405561016194894,0.35759307208880486,0,0
277,2021-05-27,0.47258771464697874,0.00044423124231164564,0.0005454250203046912,0.0009675381061651406,,0.028769841269841268,0.4146090412047168,0.5256323990823695,0.7022662139536471,0.7406133000400726,0.7493284498022867,0.7405451711569135,0.585947117458635,0.4463648766560025,0.3593384331180454,0,0
278,2021-05-28,0.4601343335908588,0.0004361023328342349,0.0004639220945832588,0.0009718432273402915,,0.028769841269841268,0.42328244373901497,0.4918054529781868,0.6906557045058883,0.7330484293541741,0.745125449012654,0.7390711194047813,0.5885880877179166,0.4485970292395292,0.3610643119866237,0,0
279,2021-05-29,0.3989462420481292,0.00037696275735838255,0.0007569738818462976,0.9840425283955916,,0.028769841269841268,0.4378009859246167,0.44673860650020975,0.6758912076412499,0.7234478593042275,0.740286772024149,0.7366138967985866,0.590671547368382,0.4505248982026042,0.36256938142864875,0,0
280,2021-05-30,0.36381040827962874,0.00034826441513194107,0.0003838060240187413,0.0009789679700019783,,0.028769841269841268,0.422031994705387,0.43337634704676314,0.6621761249351973,0.7134127782644053,0.7356832937741168,0.7339881271837921,0.5925686357033039,0.4522696714911153,0.36399014857683987,0,0
281,2021-05-31,0.3753986537422291,0.0003547804643476174,0.0003218968094365862,4.481885859904275e-05,,0.07299667178699437,0.41417547046156444,0.4131806535654528,0.6435231663142065,0.7032323323803138,0.7308326586856786,0.7305858178690326,0.594221893140093,0.45406917009576686,0.3654488697270567,0,0
282,2021-06-01,0.43894244426223494,0.0004139873396007939,0.0004494901499487746,4.498074897919959e-05,,0.07514080901177675,0.4074464163846157,0.4110277287946677,0.6264491623271066,0.6943817918024726,0.7266524220491205,0.7268204944130645,0.5964618390394433,0.4561946445616912,0.3671743945371471,0,0
283,2021-06-02,0.4311151331467258,0.00040838720994917834,0.00036268754237630673,1.0,,0.07514080901177675,0.40164257629578903,0.4124625100174034,0.6108388971233918,0.6858313038286199,0.7225147527538898,0.7228953665546672,0.5985089956071244,0.45826203852920905,0.36883147671274474,0,0
284,2021-06-03,0.5065816367022586,0.000477896807191577,0.0005067476229542077,0.0009957100384468721,,0.07514080901177675,0.423169655226615,0.4304853205756173,0.5985071536053176,0.6775342816363282,0.7185527252606675,0.7201962634381492,0.6008967009749979,0.4607157455977242,0.37078837865533054,0,0
285,2021-06-04,0.5304618145637381,0.0005011184963936296,0.0004869793564220119,0.0009995822445329967,,0.07514080901177675,0.45649993648343684,0.4392659655944133,0.5864644292133298,0.6700842222816406,0.7151306452958017,0.7185076556824255,0.6035999284494784,0.46330004515712014,0.3728477873278594,0,0
286,2021-06-05,0.4798663206380099,0.5294350501201799,0.0004588980523789157,0.0010033067903042875,,0.07514080901177675,0.477393469862593,0.4457844701620801,0.5757181674646794,0.6612072462278346,0.7112657783059629,0.7164752398597918,0.6058986440620199,0.4656170393867051,0.3747080832712565,0,0
287,2021-06-06,0.450752959479042,0.00042389202227311606,0.000327921793090263,0.00100667122947881,,0.07514080901177675,0.47975557290595444,0.4436009946452864,0.5618092178127101,0.652699659573773,0.7074301919845002,0.7147204634277903,0.6079447308818887,0.46774875307406705,0.3764432134645405,0,0
288,2021-06-07,0.45822170920959276,0.000433936699347808,0.0001881437071793847,4.556957138145851e-05,,0.07514080901177675,0.4851768881185278,0.44340973220715973,0.5510818571530741,0.6439247833932419,0.7040038841703358,0.7130004444076435,0.6101093099716146,0.469934494523544,0.3782037902749976,0,0
289,2021-06-08,0.39747234050767855,0.0003815088261241495,0.00029581451972899875,4.570309122177264e-05,,0.07514080901177675,0.46335502887961183,0.44326234205311466,0.5336597360382458,0.6362738599285498,0.7009631889127264,0.7101161228454035,0.6119206823701592,0.47180970429872,0.37973543618973066,0,0
290,2021-06-09,0.4074915338206961,0.0003871711172580249,0.00039778813398429777,0.001014935563758771,,0.07514080901177675,0.4387609727310034,0.4476304546072214,0.5099593973910737,0.6300584896628058,0.69826134792887,0.7074140821032253,0.613727624263324,0.4736777664243086,0.3813086283240205,0,0
291,2021-06-10,0.4413575157341307,0.00042028364755290835,0.00033993326682686014,0.0010200145751136868,,0.07514080901177675,0.43105921175022754,0.4542263408064116,0.491425385603391,0.6243296733854965,0.6949389264537491,0.7046016886831226,0.6158289790763154,0.4756531438154473,0.38303710208093433,0,0
292,2021-06-11,0.42547942737364297,0.0004068872318989445,0.00033359404100285865,4.617816130377834e-05,,0.07514080901177675,0.4260045053291477,0.4528800391175524,0.4728942585568909,0.6189540147610794,0.6915634495995953,0.7014683401602657,0.6179838050979449,0.47758016436134726,0.3847073612443008,0,0
