,date,price,market_cap,volume,community_score,dev_score,public_interest_score
0,11-06-2021,28.52400531834814,87500706012.74223,10504919976.878433,32968166,40460.781818181815,157111
1,10-06-2021,29.06779247389785,89429719293.42065,15243095698.410828,140960.73784615385,39379.779436152574,157111
2,09-06-2021,26.143588101815283,80341300108.47038,10188583718.595406,140268.33299999998,26392.777038269553,157111
3,08-06-2021,26.355512008631834,81849189440.67943,7723496377.546483,139675.14366666667,0.0,157111
4,07-06-2021,28.222587362582605,86349299110.69838,6465142306.739337,139020.09007692308,23067.778523489935,157111
5,06-06-2021,26.762966508886205,81787383131.7856,8580913470.759173,32396.454461538462,23062.776845637585,157111
6,05-06-2021,28.28369193978295,86809163384.77834,10347853328.859928,138397.89366666667,26105.776845637585,157111
7,04-06-2021,30.88033541875192,94954203659.42874,11462432320.9978,137981.16666666666,25917.776845637585,157111
8,03-06-2021,28.37447924559592,86862600817.12651,10031067609.557924,137158137,24897.776094276094,157111
9,02-06-2021,24.788303385950858,76158942055.8714,7845061415.903996,135945.54553846153,24898.776094276094,157111
10,01-06-2021,25.670381510960443,78650001746.08011,8349788777.943243,135408.92915384614,24787.778716216217,157111
11,31-05-2021,23.375835802363536,71320156658.66733,7697786569.151014,135050.62166666667,24788.780033840947,156184
12,30-05-2021,23.202363736946328,71238127550.6251,8564544757.9959135,31021.575666666668,24781.780033840947,137086
13,29-05-2021,24.912409211117506,75720372719.7034,10413915552.06681,134016.8076923077,25388.77834179357,137086
14,28-05-2021,27.064488676130907,82255521541.81888,9607656252.556684,133742.98466666666,0.0,137086
15,27-05-2021,28.43618529243327,86535939683.26874,11465975954.953209,133404.25,23660.780984719866,137086
16,26-05-2021,27.16445033651073,83251808296.3945,12378037942.022896,132823.11538461538,23206.780445969125,137086
17,25-05-2021,27.270260729940095,83320572620.83505,12785678057.856775,132166.53846153847,20229.784110535405,137086
18,24-05-2021,23.184204627823245,70350314095.10294,14794655302.680716,131442636,20127.781629116118,137086
19,23-05-2021,27.292774263663034,83442774745.23941,12758566521.405573,29887.393666666667,20127.779896013864,137086
20,22-05-2021,27.253428133983434,82708847680.25198,14632757238.817165,130315.75707692308,21591.779896013864,137086
21,21-05-2021,30.84590574579221,92360340242804,18594640397.744118,129630.62066666667,8634.77816291161,137086
22,20-05-2021,26.722930368963734,82194067842.32697,22193943194.778156,128877.22033333333,8621.782229965156,137086
23,19-05-2021,38.37503802915587,115918807177.5473,13846118049.78316,128130113,7435.782229965157,137086
24,18-05-2021,35.967459405199016,110202934551.77237,18565108892.35064,127582.73076923077,5911.783595113438,137086
25,17-05-2021,39.3623546192519,118803942658.59306,21799332639.870064,126566.47469230769,5907.783595113438,137086
26,16-05-2021,38.65425325380467,117697230613.66484,22780525200.745697,28580022,5907.783595113438,137086
27,15-05-2021,41.42197300389895,126215931868.75964,17546157379.627472,124685.11538461539,8031.783595113438,134030
28,14-05-2021,38.04813170216418,114108196060.1236,20487698259.64555,123698.79453846153,6511.780104712042,134030
29,13-05-2021,35.51626571390151,113617692750.27332,13876455884.383196,122818.87853846153,6512.7766143106455,134030
30,12-05-2021,41.24476827270281,124495613408.4751,14364547386.131657,120786409,6521.775831873905,134030
31,11-05-2021,38.23998202947427,116017846756.38321,13905188702.250454,119928.41666666667,6521.775831873905,134030
32,10-05-2021,41.91220754189409,126652365501.91115,13285259294.166794,119120.59615384616,6522.775831873905,134030
33,09-05-2021,42.0564795898165,125726103493.25725,13315294509.969543,26713.85223076923,6522.775831873905,134030
34,08-05-2021,43.7028171208484,129945642820.82451,20717975014.974945,117907.19838461539,12855.77408056042,134030
35,07-05-2021,42.83603678635477,126995973882.67867,19342962136.67313,116976.34615384616,11035.77543859649,134030
36,06-05-2021,40.25811127930829,118777352176.81833,12809134765.086746,116255.65384615384,10211.775831873905,134030
37,05-05-2021,35.99307275946642,107439155343.19377,14004324773.617147,115415.37272727273,10091.77543859649,134030
38,04-05-2021,40.269962748220365,119302163548.87769,10309441253.939133,114825.58181818182,10084.776801405975,134030
39,03-05-2021,38.580572017740224,114199323317.48538,9612281594.689323,114289.43623076924,9893.776801405975,134030
40,02-05-2021,38.770203716110835,114661951165.78342,8736548137.023321,24835.025307692307,9893.775043936732,134030
41,01-05-2021,39.1103348443049,115131924282.9653,12422921789.747822,113075.78066666667,14445.776408450703,134030
42,30-04-2021,36.76255540781833,108420072173.93526,12830204836.755713,112271.85633333333,14447.777777777777,138222
43,29-04-2021,35.862969832520314,105559485562.94734,10649847459.940067,111626.96153846153,14098.777777777777,138222
44,28-04-2021,36.32914914420392,107033674412.42413,11174853761.34498,110987.43866666667,14105.783303730017,138222
45,27-04-2021,34.45690683989133,101086176870.51178,11649297917.813053,110381.47033333333,14105.783303730017,138222
46,26-04-2021,30.743997702396246,90355787423.8646,9432670918.975098,109765.03066666667,13504.781527531084,138222
47,25-04-2021,30.794252037906535,90441866881.49716,9490387998.820143,23686.197333333334,13504.781527531084,138222
48,24-04-2021,32.6649605336673,95183564679.50832,21646799698.703484,108894.90992307692,17531.782918149467,138222
49,23-04-2021,32.82370699856741,95816886456.57413,17026635262.17475,108308.84615384616,17416.782918149467,138222
50,22-04-2021,34.19574751933551,99061144711.93346,18041924842.556984,107750.21166666667,16280.782918149467,138222
51,21-04-2021,36.19903545934838,104399741681.88213,19627613692.403797,107196.67433333333,16283.782918149467,138222
52,20-04-2021,36.70392507457601,105210193117.75467,17779376303.811405,106599.35930769231,16244.781138790036,138222
53,19-04-2021,41.27315070976179,118226576734.81801,28784256124.545567,105974.31984615384,16255.782531194296,138222
54,18-04-2021,47.75339378106555,134875948129.02396,30792075171.790474,22181.07084615385,16256.782531194296,138222
55,17-04-2021,42.57955097746945,119928290767.85646,15327532910.253138,104690977,17438.782531194294,138222
56,16-04-2021,44.44648981224619,123870449660.50766,16228164879.142956,103948.45454545454,17297.782531194294,138222
57,15-04-2021,41.4914813687732,114771824033.85957,14750715176.874104,103388.51818181817,17124.782531194294,136604
58,14-04-2021,42.96113801794142,117716669406.04604,15291277761.517132,102812.49392307692,11252.7807486631,136604
59,13-04-2021,42.34327026418953,115753125240.02896,17267413931.93738,102394.13461538461,10597.778966131908,136604
60,12-04-2021,43.030069867306516,115537670693.16862,15742559723.019394,101872.98784615385,10599.776785714286,136604
61,11-04-2021,39.65658421443907,106142774171.40508,13299806102.783655,21020.12833333333,10600.776785714286,136604
62,10-04-2021,39.52474006942318,105278168825.42891,13180685847.845121,100702.05266666667,12475.776785714286,136604
63,09-04-2021,38.223208300593974,101330151750.96574,11648205273.43957,100381.83907692308,12464.778175313058,136604
64,08-04-2021,37.11348729064087,98537284098.0496,20443462501.786976,99810.76315384616,12222.767441860466,136604
65,07-04-2021,39.84095393208635,104420768311.97742,16842522195.314072,99095.25,7993.758497316637,136604
66,06-04-2021,39.720804857504106,103665021135.01735,14858638755.581177,98639.37933333333,7995.760791366906,136604
67,05-04-2021,37.38617197738572,97959111493.12814,11316024159.354094,97637.82692307692,7997.755395683454,136604
68,04-04-2021,36.12675513699373,94691458744.79898,16358082567.570383,20126.71153846154,7997.755395683454,136604
69,03-04-2021,38.592633553596094,101033172195.41046,10882912072.954536,96693182,15212.755395683453,136604
70,02-04-2021,37.82760985505885,98888964325.6119,12577328216.704569,95990.12753846153,14856.755395683453,136604
71,01-04-2021,38.59947818976918,100379757368.68976,14622927470.799326,95422.21153846153,14860.755395683453,136604
72,31-03-2021,37.71923796852957,98579701774.14203,15202836199.706736,94839.66666666667,11645.751798561152,136779
73,30-03-2021,40.18156176180202,105934065844.61543,14056176813.700125,94132.9493846154,11646.748201438848,133821
74,29-03-2021,35.380231171589095,92090056394.0853,14014231850.32623,93796.32566666667,11508.747747747748,133821
75,28-03-2021,33.19617556147865,86639291522.52243,13794852410.550325,19134.666666666668,11505.747747747748,133821
76,27-03-2021,32.00029471753393,83451938338.71835,10163976986.636246,92988.35223076923,13192.747747747748,133821
77,26-03-2021,29.77100485707685,77475245180.4657,15958035990.340693,92375886,12561.750452079566,133821
78,25-03-2021,29.45175569688424,76928330391.49335,14998965528.989618,91830.8,0.0,133821
79,24-03-2021,31.813413891598035,82614612706.24239,14445400472.621754,91236.76533333333,10549.747272727273,133821
80,23-03-2021,31.276400891531893,82027704686.27779,13826530465.155014,82506.73466666667,10183.748633879783,133821
81,22-03-2021,33.528593429030444,87428134872.98978,13573438870.734715,81938636,10102.746350364963,133821
82,21-03-2021,34.604990963972774,90047372836.96507,13149701021.432503,10260.553666666669,11243.746350364963,133821
83,20-03-2021,35.666249656933495,92636330562.79144,14508300351.09527,80832.07084615385,11242.746350364963,133821
84,19-03-2021,35.846591163485904,93106970340.03171,22783007771.08558,80204.89366666667,11116.754612546125,133821
85,18-03-2021,36.47688505158811,94169023998.79886,19088451819.288322,9925.666666666668,7546.756007393716,133821
86,17-03-2021,33.989315348607875,87929959551.05202,23716346052.840424,78880.64069230769,7409.75415896488,133821
87,16-03-2021,33.84100369285484,88110533005.18517,38639165412.63417,78763.34866666667,7354.7555555555555,133821
88,15-03-2021,32.177524688772536,83702524222.21188,16945943283.256618,77849.75666666667,7337.753703703704,159535
89,14-03-2021,32.038318137754985,82585695832.95215,17025692776.555635,9233.765333333333,7337.753703703704,159535
90,13-03-2021,29.576789909632545,76870402602.82202,17526314467.043564,75637.37853846153,9718.746296296296,159535
91,12-03-2021,30.33026966788286,78159276337.11394,14030158574.460344,74890.25766666667,9013.74907063197,159535
92,11-03-2021,31.24355082539416,80605635397.33986,17020670020.079916,74220.50607692308,8997.74721189591,159535
93,10-03-2021,33.326899519021914,26689104604.21432,15892893729.91132,73633.53846153847,8521.74721189591,159535
94,09-03-2021,32.71877397494236,26265609816.097137,16164023821.221127,73084.18623076924,7557.745353159851,159535
95,08-03-2021,30.965685641499704,24841620367.504574,14098612179.309034,72395.96761538461,3591.745353159851,159535
96,07-03-2021,29.60872430272173,23859356850.673615,12497687569.22555,8341.474692307691,3591.7411545623836,159535
97,06-03-2021,29.44536580405046,23647244931.958843,16846134991.397675,71177818,4142.741154562384,159535
98,05-03-2021,30.538336077094886,24521015989.502247,20980330282.232834,70734.0506153846,4143.741154562384,159535
99,04-03-2021,32.836882198936614,26590556509.800655,23014650815.80892,70164.29453846153,4098.73929236499,159535
100,03-03-2021,30.072052225796508,24188780433.29696,20394842946.448303,69467.66666666667,4100.73929236499,159535
101,02-03-2021,30.192822394446967,24246637535.064156,17452716603.506588,68652.36538461539,4101.73929236499,159535
102,01-03-2021,28.423165104017528,23052115382.798626,22013244965.44868,67604.14676923076,4105.735567970205,159535
103,28-02-2021,31.069108731991808,24544084024.201946,20817564155.708355,7506.833333333333,12724.735567970205,202160
104,27-02-2021,27.135520595676535,21867775944.045925,18796669526.761486,66615.48684615384,12724.736940298508,202160
105,26-02-2021,27.217578818480423,22209045321.42132,19675686286.421684,7155.788333333333,12727.736940298508,202160
106,25-02-2021,29.74604507622506,23859170079.030354,21962002984.335674,65194.848666666665,12728.736940298508,202160
107,24-02-2021,28.026915205902142,22607935934.2274,28786996000.47842,64444954,12702.735074626866,202160
108,23-02-2021,32.03614338790747,25698309311.605244,26561614169.80378,63748.653846153844,12705.732710280374,202160
109,22-02-2021,36.649320095417146,29590192539.239773,16778873007.613428,63059.50607692308,12696.734082397004,202160
110,21-02-2021,36.79839246244096,29348525365.543415,26220430614.4245,6478.825666666667,12696.734082397004,202160
111,20-02-2021,38.53468781953893,30996359461.211082,21019276664.43532,61294.23684615384,16810.734082397004,202160
112,19-02-2021,39.01772949748146,31306143096.069622,22128550563.13758,60491.174333333336,16817.734082397004,202160
113,18-02-2021,38.115212816735244,30469986314.12322,25748292667.955067,59655591,16817.73545966229,202160
114,17-02-2021,36.75252018726277,29358865843.085926,23317410422.39788,58669.403846153844,16051.731203007519,202160
115,16-02-2021,37.73502058067405,30154497848.184307,32185534439.09901,57835.48684615384,14462.733962264152,202160
116,15-02-2021,41.27225257483918,33312165281.929462,25828401789.27635,57106114,18403.733962264152,246299
117,14-02-2021,46.80334769672756,37947982722.16773,37565022025.41541,5573613,18403.733962264152,246299
118,13-02-2021,47.6806694635695,37935550984.471886,47979278868.56813,55268.20546153846,18403.733962264152,246299
119,12-02-2021,34.82602875458045,27911145843.508766,30162982075.398453,53770.93015384616,18406.733962264152,246299
120,11-02-2021,28.92940785620099,23424445377.668587,18377582916.55382,51711.557692307695,18304.733459357278,246299
121,10-02-2021,28.691131821268794,23138600328.28684,20319620326.273846,50269.19733333334,18007.733459357278,246299
122,09-02-2021,28.1565240900122,22080549155.346684,26481748189.315163,49478.62066666666,17855.73156899811,246299
123,08-02-2021,23.616683356750414,18916101298.848896,13918280215.707788,48532.38461538462,17858.72967863894,246299
124,07-02-2021,22.66855270550557,18171260171.91814,13600463938.589499,3381.679153846154,17859.72967863894,246299
125,06-02-2021,23.328697237223903,18541437873.9774,15966855236.01914,47322.530666666666,32494.72967863894,246299
126,05-02-2021,19.73646605804015,15958684622.012177,11313613088.981737,46725.44733333334,32310.73106060606,246299
127,04-02-2021,20.688557897904207,16572277926.865257,10032482366.056047,46034.5253076923,31667.72485768501,246299
128,03-02-2021,18.151899481712277,14698667364.243647,7606490938.853818,45485.890692307694,29216.72761904762,246299
129,02-02-2021,17.958746927560707,14392459115.540562,8655013342.730553,44915.717615384616,28201.72761904762,246299
130,01-02-2021,18.158359753505774,14557359257.83498,10444945932.433487,44445.401333333335,27584.72761904762,246299
131,31-01-2021,18.460753039570555,14739067803.78685,12358218668.15283,2606.4423076923076,26023.72761904762,246299
132,30-01-2021,18.01138395350833,14509107606.23675,12588951025.678633,43443455,26023.72761904762,270468
133,29-01-2021,15.625567160145858,12610297640.788853,7205857057.931369,42567.442307692305,25110.72761904762,270468
134,28-01-2021,15.174349554219091,12128384683.410988,7892443318.434002,42212.48466666666,25075.72328244275,270468
135,27-01-2021,16.690454127454526,13401180418.797775,8538776737.097534,41912.98566666667,24953.721374045803,270468
136,26-01-2021,15.571395672628666,12568807934.640352,10388663272.334393,41654.93015384616,22084.722753346083,270468
137,25-01-2021,15.731856367954286,12632494885.326368,8397914735.859935,41349.257666666665,21804.723608445296,270468
138,24-01-2021,15.594612284955575,12518863176.2541,9944328719.005608,2000.3846153846155,21804.726396917147,270468
139,23-01-2021,14.299785858800027,11427147040.829021,9419089880.755522,40691.32692307692,22747.726396917147,270468
140,22-01-2021,12.921426158219575,10461220164.507624,8877170610.014154,40415.492333333335,21868.724470134875,270468
141,21-01-2021,15.233433039214772,12134696021.833027,9371293710.972525,40174.563769230765,19300.722543352604,270468
142,20-01-2021,14.655955400794316,11847764002.333559,7873641620.552376,40021.49392307692,19174.722007722008,270468
143,19-01-2021,15.753566858371737,12682156054.163252,11149379521.937181,39832.583333333336,18843.72480620155,270468
144,18-01-2021,16.025269669363336,12914526391.281807,13357314139.699625,39589.55161538462,18844.72480620155,270468
145,17-01-2021,14.418631306719032,11512786306.149712,12310895542.358086,1905.0986666666668,18844.72480620155,270468
146,16-01-2021,13.691962347987584,10990688052.546274,9395472933.546312,38898.25607692308,19393.72480620155,270468
147,15-01-2021,12.666326984651008,10160667776.553268,5171896025.791899,38630166,18698.722868217053,343568
148,14-01-2021,12.711273065483597,10186343020.869118,5519749523.981222,38424.99292307692,14668.718992248061,343568
149,13-01-2021,11.09795997705285,8908078498.14479,5692759109.181108,38163.742333333335,14410.718992248061,343568
150,12-01-2021,11.672587226997386,9414186425.859032,8947286693.218424,37961.95546153846,13276.718992248061,343568
151,11-01-2021,12.981495382433433,10457482995.30949,8671609942.409218,1842.3946666666668,6022.718446601942,343568
152,10-01-2021,13.665978661737618,11074950181.734818,7265720434.841798,1827659,0.0,343568
153,09-01-2021,12.746081797435691,10206648553.53543,8579743544.953348,37430.5253076923,11764.718446601943,343568
154,08-01-2021,12.988580769092636,10292556844.522728,9411515835.201557,37193.12933333334,11622.719844357976,343568
155,07-01-2021,14.293652517965953,11578700091.40727,12081722144.105743,36903.310333333335,11624.719298245614,343568
156,06-01-2021,13.521752782697762,10845883481.701849,13439976222.40485,36598.87853846154,11628.719298245614,343568
157,05-01-2021,11.8474458175805,9173641760.39029,8708948804.298517,36200.903846153844,11375.717348927876,343568
158,04-01-2021,11.713330488047983,9455535525.609213,9076638954.437637,35756.507666666665,9595.717348927876,343568
159,03-01-2021,11.432398838646627,9131904480.496233,13452123029.040672,1742.9473333333333,9595.717348927876,343568
160,02-01-2021,11.211553543078974,8999418985.462002,11486788667.815355,35310.74333333334,10775.71875,343568
161,01-01-2021,9.304646108203563,7409695429.422877,3070407000.9809556,34972.530666666666,10781.71875,343568
162,31-12-2020,9.414783870547447,7562760014.897054,3464670504.8744316,34663.019230769234,10786.71875,340846
163,30-12-2020,9.768411140674052,7834722116.246539,4759344560.879376,34517.78833333334,10579.720156555773,423509
164,29-12-2020,10.02338538636521,7858203438.967513,1888824973.149006,34360.871666666666,10579.720156555773,423509
165,28-12-2020,8.965489509376512,7263692944.64903,3929396149.369277,34230.307692307695,9837.720156555773,423509
166,27-12-2020,8.687653701206727,6932430958.96541,2885230329.0412483,1630.0383333333332,14658.720156555773,423509
167,26-12-2020,8.700651118902003,6999139381.550852,3101702087.7401476,34030.492333333335,14658.720156555773,423509
168,25-12-2020,8.859684253213207,7049082660.073177,3309942721.7701206,33923.583333333336,14658.720156555773,423509
169,24-12-2020,8.202106774173922,6672628615.119764,3957061383.585171,33817.333333333336,14658.720156555773,423509
170,23-12-2020,9.454768604768379,7578845032.368599,4153833952.3549128,33738.94838461538,14644.728712871287,423509
171,22-12-2020,9.205818984976572,7393090572.747184,4331435863.585204,33693.35633333334,13064.731610337973,423509
172,21-12-2020,9.570633773451807,7655476385.046843,3925797245.9960666,33601.76315384616,13060.72908366534,423509
173,20-12-2020,10.022318653048503,8040924431.1002655,4826022818.268815,1585.7054615384613,13060.72908366534,423509
174,19-12-2020,9.950605285623753,7974243879.839262,4738072458.439175,33433.35633333334,15679.72908366534,423509
175,18-12-2020,9.379631857215763,7538181382.555093,4749255223.940968,33308.313769230765,12792.730538922156,423509
176,17-12-2020,9.550065681491246,7646634320.382383,3800235509.35745,33211.17307692308,12786.728542914172,423509
177,16-12-2020,9.172102787364437,7377690110.104441,3008399943.8011885,33142.25,12787.728542914172,423509
178,15-12-2020,8.783782731209014,7055253165.926542,2207895410.166092,33088.083333333336,9768.73,404334
179,14-12-2020,8.691341450616823,6998074787.985705,2324516782.025597,33025.76533333334,9735.73,404334
180,13-12-2020,8.722993006295086,7013479427.9203415,2659793293.9645443,1551.7186153846155,9704.73,404334
181,12-12-2020,8.200199176796234,6580231135.257665,2408643749.6596947,32869.462666666666,11003.73,404334
182,11-12-2020,8.291587651207099,6674863720.460073,2186001377.4644165,32807.992333333335,10303.73,404334
183,10-12-2020,8.653105517098101,6938512532.427764,3044584381.1664844,32737.416666666668,10114.73,404334
184,09-12-2020,8.476842254045712,6827380504.110735,3343582147.0864773,32676.346153846152,9879.729458917835,404334
185,08-12-2020,9.356393773683818,7517619929.275689,2584677158.6770396,1537.8775384615385,9881.729458917835,404334
186,07-12-2020,9.474983028382972,7591232565.496941,3414714601.7859163,32550.30769230769,9797.73092369478,404334
187,06-12-2020,9.699928914636185,7782860958.781754,3321253717.900955,1529.5384615384614,9795.73092369478,404334
188,05-12-2020,9.26505699402701,7429499644.225061,4655582457.096173,32459.5,10657.73092369478,404334
189,04-12-2020,9.676279452234276,7779167814.436784,3499731496.20659,32438.0,10144.72891566265,404334
190,03-12-2020,9.718526765091951,7818568176.565388,4127255690.012034,32354.166666666668,9192.726907630522,404334
191,02-12-2020,8.821220129723756,7086092537.51015,3677072847.903584,32255.0,5960.728370221328,404334
192,01-12-2020,9.307457158907873,7533875715.261395,3846857458.513534,32185.5,5942.731313131313,404334
193,30-11-2020,9.058053374465235,7221657386.438728,2729796376.3580875,32149.76923076923,5816.730223123732,368912
194,29-11-2020,8.90777313974113,7146957237.463597,3090808593.242722,1521.5263076923077,5816.730223123732,368912
195,28-11-2020,8.522115661682072,6834891286.634353,3362768563.2657986,32033.296000000002,6166.730223123732,368912
196,27-11-2020,8.569476782422237,6878912485.190974,6703646313.633732,31971.333333333332,6171.730223123732,368912
197,26-11-2020,9.838646352156,7884533354.543804,6950695201.854059,31917523,6180.730223123732,368912
198,25-11-2020,10.12194192039534,8082891663.328301,7083115266.217515,1517.673076923077,5775.727642276423,368912
199,24-11-2020,9.505506898953687,7555771412.08271,4566666252.107503,31803.825666666668,5292.727642276423,368912
200,23-11-2020,8.502248976965301,6887675369.314601,3626936217.567312,31744.046000000002,3562.7235772357726,368912
201,22-11-2020,8.985123512355889,7187605853.837818,4480989207.878334,1505.5833333333333,3562.7235772357726,368912
202,21-11-2020,8.11889452307835,6523575544.937005,2044941329.2330081,31643.69838461538,6985.723577235773,368912
203,20-11-2020,7.527555873993736,6040498165.189061,2063328666.8189006,31591.69838461538,6733.723577235773,368912
204,19-11-2020,7.614526003225368,6122098270.36542,2571462460.2724166,31520841,6734.723577235773,368912
205,18-11-2020,7.786419815363362,6259932842.041674,2219109406.312703,1491.6063333333332,6571.7230142566195,368912
206,17-11-2020,7.6869858245810025,6160538173.984746,2258673721.4536567,31459.646769230767,6108.7230142566195,368912
207,16-11-2020,7.29732939754375,5859330531.565366,2133862630.117203,31337.865384615383,5689.727459016393,368912
208,15-11-2020,7.570048651317297,6102478435.708141,1862982447.213892,1480.75,5689.728952772074,286881
209,14-11-2020,7.994839878682212,6373348586.90854,2181891734.0081615,31314.50766666667,18039.72895277207,286881
210,13-11-2020,7.5796697125350985,6044066895.416839,2087324396.5154023,31299.15992307692,18040.7304526749,286881
211,12-11-2020,7.8993876872422,6343554802.675208,2290370698.621479,31285.916666666668,17746.727835051548,286881
212,11-11-2020,8.20964934167507,6621239075.723393,2938856241.4346757,31234477,17464.727835051548,286881
213,10-11-2020,7.453829670455928,5991138738.012356,2010634983.5348055,1474.1666666666667,17464.727835051548,286881
214,09-11-2020,7.642780691462574,6145568703.889811,2074998345.561311,31156.31376923077,17180.730848861283,286881
215,08-11-2020,7.3635847003643375,5922215442.775429,3538451882.217015,1463.0384615384614,19804.730848861283,286881
216,07-11-2020,7.911345206693635,6359514616.389596,2572725661.6238356,31105.424333333332,19804.730848861283,286881
217,06-11-2020,7.058887484487999,5670960077.908897,1965864338.0459297,31083.24233333333,19805.730848861283,286881
218,05-11-2020,6.837971673497269,5463385926.982879,1644552681.710958,31052.877538461536,19451.73029045643,286881
219,04-11-2020,6.620056937273448,5314190040.515762,1520045384.0220935,1456.5,18385.73029045643,286881
220,03-11-2020,7.007420694661799,5640715852.331621,1482016113.9676776,31024818,18391.73029045643,286881
221,02-11-2020,7.337316801840715,5896754745.463345,1503628325.9520326,30981.84007692308,18391.73029045643,286881
222,01-11-2020,7.082362491993675,5715171148.471683,1664410874.0604634,1448.1022307692308,18391.73029045643,286881
223,25-10-2020,8.832537213524315,7099256393.050452,1601451648.8953955,1425727,27083.71278825996,218974
224,24-10-2020,8.821753111648054,7082846022.5786915,1892524589.2801218,30613205,28410.71278825996,218974
225,23-10-2020,9.028563239577071,7253473357.07851,1980218700.567323,30575477,25268.71278825996,218974
226,22-10-2020,8.635667659090059,6923739198.363727,1393704945.0817933,30512.75766666667,24854.685534591194,218974
227,21-10-2020,8.261605508230616,6630034606.23472,1735742259.9587045,30489318,24756.68710359408,218974
228,20-10-2020,8.709124031410783,6994779185.803579,2854696052.408744,30471.353230769233,24369.684989429177,218974
229,19-10-2020,9.054735221496172,7268134418.468377,2862302605.6106,30408.25766666667,18296.68577494692,218974
230,18-10-2020,8.994307826238188,7238236269.77995,2000679602.2676253,1407.4626666666668,16043.685774946922,218974
231,17-10-2020,8.601583399148202,6946305376.572813,3117856660.9533634,30343.122461538464,18297.68577494692,218974
232,16-10-2020,9.01347295536644,7234325130.274239,2615013570.847809,30300.74292307692,18095.68577494692,218974
233,15-10-2020,9.461255995873763,7536780260.423911,4440261077.304703,30289.12146153846,18091.68365180467,194024
234,14-10-2020,9.870444316250223,7943421796.673938,4532260604.2199,30238.92915384615,16605.677282377917,194024
235,13-10-2020,9.87397015574358,7979547509.929799,5382770745.086775,1394.5323846153844,15891.67659574468,194024
236,12-10-2020,9.389988900714805,7531465311.886422,3975445377.1548743,30059.288333333334,15665.673773987206,194024
237,11-10-2020,9.378836629630232,7531840505.718486,3975583927.419349,1378.25,15665.673773987206,194024
238,10-10-2020,9.40226060150847,7589672497.060019,4171517486.2943244,30020.32084615385,19240.675213675215,194024
239,09-10-2020,8.807793688821459,7067446208.494214,3902429763.9881854,29983.94838461538,17538.67521367521,194024
240,08-10-2020,8.72067431805074,7011465056.723718,4116984003.1251526,29930318,17541.67665952891,194024
241,07-10-2020,8.221465874917174,6597468140.318378,3676835323.1181827,29899386,8501.672376873663,194024
242,06-10-2020,9.173799999700439,7369127043.424637,3376238474.0773854,29836.76923076923,8496.674568965518,194024
243,05-10-2020,9.048522136002424,7270718192.71978,3610185376.442797,29766.75,8497.685714285715,194024
244,04-10-2020,9.139338046903841,7335589819.622652,3985204570.3438764,1364.9166666666667,8396.685714285715,194024
245,03-10-2020,9.168005193241344,7360751542.251212,5523536586.53101,29695.923076923078,13036.683516483516,194024
246,02-10-2020,9.63946130634346,7734439958.490632,4056565488.9503493,29644.09866666667,12688.683516483516,194024
247,01-10-2020,9.987709633782401,7802974130.026247,2836638750.5810995,29609.596153846152,12676.681415929204,194024
248,30-09-2020,9.697935919669648,7766546275.48675,2699604978.2292547,29523.955461538462,12661.678492239467,198634
249,29-09-2020,9.51029554195083,7591548183.085509,1730245197.8179572,1364.1513333333332,11815.683972911964,198634
250,28-09-2020,9.206290718072301,7400316350.925388,1281021133.4189866,29304.50766666667,11817.680995475113,198634
251,27-09-2020,9.518716260543675,7615116258.123225,1591017760.8850486,1360841,11817.680995475113,198634
252,26-09-2020,9.270054992251215,7431448957.121445,1708891231.62367,29165.00766666667,18580.680995475115,198634
253,25-09-2020,8.594294088041407,6905753400.347849,1663078879.956339,29100.474692307693,18554.68409090909,198634
254,24-09-2020,7.904896205540034,6365853349.079266,3407431411.7916093,29004.326923076922,17985.685649202733,198634
255,23-09-2020,8.875725861349263,7113857665.6955595,4364326674.750759,28931.73076923077,17876.690366972478,198634
256,22-09-2020,8.375559208340254,6770144732.230335,5437449376.344299,28841.96266666667,17165.685912240184,198634
257,21-09-2020,9.447495988397748,7576145101.498985,4411906722.562208,28462.84866666667,16230.688372093024,198634
258,20-09-2020,9.886049487022008,7939406936.876311,4588068885.826587,1343.8716666666667,16230.689976689977,198634
259,19-09-2020,9.724642009821531,7809672655.260482,5288275613.664581,28390.57084615385,16652.687645687645,198634
260,18-09-2020,10.42295138262123,8319979576.916223,5281079182.23393,28293.197333333334,16496.685314685317,198634
261,17-09-2020,10.448294722947313,8383579758.571047,4930393071.799914,28247.947333333334,16034.665887850468,198634
262,16-09-2020,10.336150591216743,8300847281.390922,4754626479.226285,28175.447333333334,14555.662763466042,198634
263,15-09-2020,11.226467969362181,9009116976.298971,5589533452.218961,1338.9473333333333,14552.660421545668,193545
264,14-09-2020,11.073310936047395,8885571582.231043,5870773661.514457,28013.26215384615,12882.659624413145,193545
265,13-09-2020,12.025867481114926,9649850010.4858,5715590291.110429,1322417,12882.659624413145,193545
266,12-09-2020,11.989017676606565,9612637418.815859,6317800418.970174,27909.71266666667,14642.659624413145,193545
267,11-09-2020,12.115953137185404,9719020380.752325,6737285909.634688,27855841,14642.657276995305,193545
268,10-09-2020,12.080208506843958,9615899945.875156,6762872835.119271,27759.10930769231,14309.657276995305,193545
269,09-09-2020,10.264447601074066,8141572883.1587305,4607306092.661588,27614.18966666667,14288.656470588236,193545
270,08-09-2020,10.859808613766816,8704849386.875526,5526385937.873185,27495.46153846154,9053.653301886792,193545
271,07-09-2020,11.035649279255239,8905760610.833426,4998744587.343279,27370.096153846152,8664.65402843602,193545
272,06-09-2020,10.059025158767502,8014602249.068288,5219229980.634086,1299.8593076923075,8664.655581947743,193545
273,05-09-2020,11.010101251720533,8844187140.568563,6328100667.470498,27309.19230769231,11103.653206650832,193545
274,04-09-2020,10.314621367721,8309094071.950158,6381616686.429348,27246.137000000002,10474.653206650832,193545
275,03-09-2020,13.722530286828588,11010310816.89974,6964251506.924354,27197705,6208.641148325359,193545
276,02-09-2020,15.104436260674973,12216127328.100647,7906764138.79393,27094.550615384615,5986.648058252427,193545
277,01-09-2020,14.852255099074014,11956598367.34417,6633419133.136923,1284341,5988.648058252427,193545
278,31-08-2020,15.198853674538533,12202740397.477674,6285587298.451068,26902.379333333334,5708.652811735941,193221
279,30-08-2020,15.687856158801202,12598074887.300125,6546288128.972162,1269341,5712.652811735941,193719
280,29-08-2020,15.68356563403164,12600017145.47954,7863532361.098243,26682.60930769231,11121.652811735941,193719
281,28-08-2020,15.288022057690204,12262390566.031462,8781972062.064554,26568.77630769231,11096.652811735941,193719
282,27-08-2020,16.0732754575318,12867025790.440392,8843182820.378017,26463.43966666667,11101.652811735941,193719
283,10-08-2020,12.500530159414046,10051874255.618883,6434627816.243433,23389.263153846154,23930.686842105264,217668
284,09-08-2020,13.319094154295213,10695830933.43751,7443233857.466466,1041.0384615384614,23930.686842105264,217668
285,08-08-2020,10.752110546531645,8621304296.789253,4710691782.837785,23167.64069230769,23931.686842105264,217668
286,07-08-2020,10.69754088325304,8590025411.21327,3212160563.7118664,22986.82084615385,23927.68783068783,217668
287,06-08-2020,9.798028022810788,7868687047.308862,2786759659.214696,22912.674333333332,23625.68783068783,217668
288,05-08-2020,9.580568341511455,7704689869.207937,2037472806.7220914,22814.674333333332,22588.685185185186,217668
289,04-08-2020,9.068286476962339,7283975524.360637,2291790946.766414,22756.550615384615,22280.685185185186,217668
290,03-08-2020,8.840096329923457,7105543041.341629,2443153975.0066714,22716.544538461538,17773.688000000002,217668
291,02-08-2020,9.605012446956609,7712441830.477682,2681273868.088913,998.0,17101.685333333335,217668
292,01-08-2020,9.554943174825217,7663489613.315119,3248306003.436674,22614.32084615385,42869.6871657754,217668
293,31-07-2020,9.775306661441533,7850627236.166942,4968632888.121908,22551.423076923078,41145.6871657754,219065
294,30-07-2020,8.99610010585608,7247359764.026734,2292846911.537907,22493.87166666667,39700.68449197861,270923
295,29-07-2020,9.154533951720145,7342528376.3329315,3041153624.0604568,22417.015333333333,32476.673796791445,270923
296,28-07-2020,8.440501209350408,6787080543.493637,3612273244.853737,22340.924333333332,32057.673796791445,270923
297,27-07-2020,9.470051025405061,7622428998.841376,2690554664.6345863,22239.583333333332,31884.673796791445,270923
298,26-07-2020,9.417355799302294,7541720252.954184,2498818355.510282,985.0769230769231,31884.671122994652,270923
299,25-07-2020,9.216595431213348,7400229813.978008,2486487619.197569,22160.673076923078,32117.67292225201,270923
300,24-07-2020,9.673929712568597,7750472289.840867,2904490108.571146,22103159,31072.67292225201,270923
301,23-07-2020,10.192035648939719,8187632442.107021,2687438833.9188995,22012.174333333332,30736.676549865228,270923
302,22-07-2020,10.17640480298665,8173343177.234583,3956966035.9159064,21966.69230769231,29603.677506775068,270923
303,21-07-2020,10.616224152702655,8524439031.008977,5262892399.054272,21829.25,28961.681198910082,270923
304,20-07-2020,11.454094149248958,9252503665.807077,4730084538.871009,21740.416666666668,28469.67486338798,270923
305,19-07-2020,10.435617217145202,8377830635.882174,3144759973.889299,975.6346153846154,28469.67486338798,270923
306,18-07-2020,10.30240694915738,8281967091.502819,5374107554.647843,21632.30366666667,33258.674863387976,270923
307,17-07-2020,10.343921928956249,8329761196.5358,7088212460.268177,21513.02630769231,33180.673972602744,270923
308,16-07-2020,8.551098304409075,6869285640.133162,2805094719.7392044,21236.62146153846,32333.67679558011,270923
309,15-07-2020,8.042527291681631,6475327176.575368,2477314066.3570247,20928.013153846154,32061.67679558011,300563
310,14-07-2020,7.836010080251891,6271154581.506027,2953160355.028965,20839.00766666667,31981.67867036011,300563
311,13-07-2020,8.197852482738822,6563317309.121857,2505627077.0281014,20697091,31542.673130193907,300563
312,12-07-2020,8.227637595799075,6614633867.028815,3916497337.865172,936.25,31542.673130193907,300563
313,11-07-2020,7.403382059986488,5941774320.550713,2363218865.2637377,20643.75,30980.670360110802,300563
314,10-07-2020,7.156913279305675,5746132497.7135935,2285715639.953691,20560.544538461538,30959.672222222223,300563
315,09-07-2020,7.242765907178784,5819842882.303039,2274757847.604046,20494.78138461538,7185.673184357542,300563
316,08-07-2020,6.795651755957997,5456494692.399384,1967271473.1284919,20458.62146153846,6766.670391061452,300563
317,07-07-2020,6.727704051196708,5399421150.354594,2108989776.0406315,20418.53846153846,6771.672268907563,300563
318,06-07-2020,6.29180509858721,5048873393.784114,1792374635.6414301,20298.333333333332,6775.671348314607,300563
319,05-07-2020,6.35085457347163,5094932715.341612,1842971443.9017348,926.7823846153847,6775.671348314607,300563
320,04-07-2020,5.974244604491481,4801991999.30656,1753380676.1509693,20259.356333333333,32435.671348314605,300563
321,03-07-2020,5.993700421699202,4810941015.075234,2078131284.2600691,20213.59866666667,32437.671348314605,300563
322,02-07-2020,6.270764925105883,5038729293.41902,2146385720.2769213,20161.627538461536,32439.671388101982,300563
323,01-07-2020,6.089476832801838,4894984737.541238,2053387261.9904058,20116.166666666668,32427.671388101982,300563
324,30-06-2020,6.259808269708566,5028902642.933178,1813483188.9302454,20053682,32376.673295454544,276496
325,29-06-2020,6.092090578206658,4893236154.6606655,2188247365.4212403,20022.64069230769,32217.677142857145,276496
326,28-06-2020,6.032772511273195,4832409072.715882,2133588768.2450054,925.6153846153846,32217.677142857145,276496
327,27-06-2020,6.54970962809778,5269094557.76199,2164072183.276484,19994.474692307693,46755.677142857145,276496
328,26-06-2020,6.957931931379888,5593343905.533466,1852378388.0088537,19963.697333333334,46457.67428571429,276496
329,25-06-2020,7.055000298633175,5677047893.297143,2503944350.537141,19926.069000000003,46355.659025787965,276496
330,24-06-2020,7.339230356943615,5888670689.057888,1928938580.4918551,19862.346153846152,44716.65517241379,276496
331,23-06-2020,7.068921557748685,5672679077.017804,1581159548.8231983,19811091,44718.65028901734,276496
332,22-06-2020,6.846409674116918,5496368465.313139,1800865068.994226,19786.013153846154,41949.64057971015,276496
333,21-06-2020,6.842822505076908,5481802608.411759,2118881102.338358,923.9291538461538,41943.642441860466,276496
334,20-06-2020,6.893047617155623,5526938042.636891,1987684055.8870125,19725.096153846152,43429.644314868805,276496
335,19-06-2020,7.105111224917968,5711219844.800903,2191130109.5804586,19708.970333333335,43430.644314868805,276496
336,18-06-2020,7.223654922862009,5802917275.97894,2235848215.913249,19661.734666666667,42616.64139941691,276496
337,17-06-2020,6.983815859006697,5609534741.187205,2026197249.2514353,19611.455461538462,42539.634502923975,276496
338,16-06-2020,6.730249647517266,5409883846.294362,2197114448.968194,19566.826923076922,42511.634502923975,276496
339,15-06-2020,6.894904415009564,5537517027.386665,2035290198.8124266,19486.56033333333,42434.63636363636,281799
340,14-06-2020,6.908903525304848,5545788896.00915,2117663266.9685993,916.3846153846154,42434.63636363636,281799
341,13-06-2020,6.837403754622046,5537366929.5567045,2088915780.4402413,19451.474692307693,42674.63636363636,281799
342,12-06-2020,6.932157918711394,5570235761.074473,2111759562.446693,19414.55366666667,42144.63636363636,281799
343,07-06-2020,7.061944865354664,5661857549.132046,1320486479.1334667,900.75,15684.612612612613,281799
344,06-06-2020,6.858293085289406,5545833512.95872,1431743306.6272454,19256.23076923077,16538.61261261261,281799
345,05-06-2020,7.076138220792607,5659035231.737894,1130558186.7296507,19230.30769230769,16352.616314199397,281799
346,04-06-2020,7.221447776772582,5772136493.166672,824959617.4531766,19188.39069230769,16236.616314199397,281799
347,03-06-2020,7.348894661472029,5842953033.676499,1166241197.0652423,19140.924333333332,15214.613981762917,281799
348,02-06-2020,7.446530720181082,5920071001.882643,1815357462.5066657,19106.666666666668,3341.6196319018404,281799
349,01-06-2020,7.003475217428897,5520184450.5483675,2021349426.5716398,19090.916666666668,3334.6196319018404,281799
350,31-05-2020,7.274058569586792,5685995859.452046,1353284888.020485,894.25,3334.6196319018404,279638
351,30-05-2020,6.840394190974789,5360292002.10286,1200507981.718308,19047.076923076922,8392.619631901842,290997
352,29-05-2020,6.784091005197197,5304164117.235423,1046347680.851579,19010432,8396.615384615385,290997
353,28-05-2020,6.60704839057837,5154487288.895634,1217280090.3344502,18973023,8397.617283950618,290997
354,27-05-2020,6.532409887631268,4898413437.531126,1528987024.028218,18932083,7678.616099071208,290997
355,26-05-2020,6.325409217247948,4735490151.89793,1057448731.0167598,18889.69230769231,6859.61801242236,290997
356,25-05-2020,5.921171321203594,4428372213.241213,1252045598.8517392,18778.30769230769,6862.629746835443,290997
357,24-05-2020,6.078696163408337,4530226446.142947,1061656862.04914,887.3486666666668,6862.629746835443,290997
358,23-05-2020,6.08601944884364,4545306366.928427,1288949924.6359708,18733.59866666667,12489.629746835442,290997
359,22-05-2020,5.7477977114198895,4297872169.990616,1204397829.161461,18686.92915384615,12443.629746835442,290997
360,21-05-2020,6.245470333263051,4651093688.972168,1311346818.9403431,18679.096153846152,12445.627388535031,290997
361,20-05-2020,5.98324173053111,4453527348.380904,914221889.9117687,18661.858307692306,12333.628205128205,290997
362,19-05-2020,5.999320005342525,4481165335.572495,914661809.9997159,18609.0,12337.627009646301,290997
363,18-05-2020,5.943410155169221,4395259485.381345,962242906.9443717,18558591,12280.601941747573,290997
364,17-05-2020,5.902783962464231,4381181029.304383,909238048.9712931,881.9243333333333,12280.601941747573,290997
365,16-05-2020,5.754113913837278,4257070853.248226,998736030.8879855,18538.62853846154,16979.601941747573,290997
366,15-05-2020,5.902566504032653,4385204146.548128,1406711868.9958644,18516.569846153845,16917.6045751634,285708
367,14-05-2020,5.888851939888498,4345578749.991634,1680124699.82083,18479523,16824.598684210527,285708
368,13-05-2020,5.860454603362217,4314131144.293277,1633420611.8968139,18450.106333333333,16335.598684210527,285708
369,12-05-2020,5.570716701980348,4120818479.1659384,1744125310.2475395,18335773,16049.598684210527,285708
370,11-05-2020,5.748075068351065,4244156024.530859,2024760514.794995,18299.5,16042.599337748345,285708
371,10-05-2020,6.35168603977466,4699719402.889831,2040401410.3486254,874.3333333333333,16030.602006688963,285708
372,09-05-2020,6.457253333955239,4754329166.371121,2284202749.889827,18273.10223076923,16217.602006688963,285708
373,08-05-2020,6.062683972676981,4474393145.348706,2090750139.657601,18253.76215384615,16212.587248322148,285708
374,07-05-2020,5.923820111897516,4435874477.3447275,2071911756.7012167,18225.87853846154,15850.496551724138,285708
375,06-05-2020,6.23625190044011,4631977354.716842,2434182578.6923556,18175.833333333332,15069.494809688582,285708
376,05-05-2020,6.126046667634675,4570352921.255516,2254762938.612883,872.5756666666667,11365.50177935943,285708
377,04-05-2020,6.224232841540566,4670986640.864428,2646495437.599174,18125.96153846154,11173.524163568773,285708
378,03-05-2020,6.55660009098199,4886177199.164114,1904256871.896364,879.3846153846154,11173.524163568773,285708
379,02-05-2020,6.425609151677101,4797259164.715276,2006715224.0094945,18061.5,14835.524163568773,285708
380,01-05-2020,6.292581122032515,4703262766.754162,2820271408.51952,18017.796000000002,14666.524163568773,285708
381,30-04-2020,6.802528900892162,5054806026.855144,2417610856.874509,17977.575666666668,14399.52808988764,305108
382,29-04-2020,6.538211719723142,4825291554.667878,1925506536.870939,17936.97369230769,14064.53007518797,305108
383,28-04-2020,6.452223488422495,4765644676.742208,2115034820.2900004,17913.02630769231,9212.532319391634,305108
384,27-04-2020,6.738999637308478,4994515141.227266,2609694901.4891586,17875.76923076923,9196.530769230769,305108
385,26-04-2020,6.329360164634552,4687057533.355178,2210936501.9057875,860.8333333333334,9196.530769230769,305108
386,25-04-2020,6.2445890969083475,4613292358.004842,2349588033.3036327,17829.0,9771.530769230769,305108
387,24-04-2020,5.797086304474599,4303968102.321817,1445146407.4994805,17805.076923076922,9771.526923076923,305108
388,23-04-2020,5.522674491912641,4064165023.394267,1602439431.270504,17772.782384615384,0.0,305108
389,22-04-2020,5.390799192434349,3954390616.8675523,1850009364.3960257,17746.197333333334,5685.523255813953,305108
390,21-04-2020,5.368704169563946,3924863494.4375105,2372629446.108239,17709.56376923077,5080.523255813953,305108
391,20-04-2020,5.757949112419628,4230436374.3269887,2552552420.6616635,17691.39776923077,5064.523255813953,305108
392,19-04-2020,5.995100320468059,4368464029.677448,2567962706.5936904,855.4166666666667,5156.525291828793,305108
393,18-04-2020,5.711128569010803,4170430281.749176,2693801794.7740483,17665.424333333332,5156.525291828793,305108
394,17-04-2020,5.536529011199162,3945831052.793476,2740130613.095101,17653.94838461538,5157.5234375,305108
395,16-04-2020,5.0719239871141095,3591669250.433508,2449473673.777429,17599.56376923077,5160.51968503937,305108
396,15-04-2020,5.361589099737007,3787095574.6912966,2513979204.923212,17569.55161538462,5160.521739130435,317295
397,14-04-2020,5.273648941760667,3725993244.6390977,2609291668.6501217,17537.265333333333,4946.517786561265,317295
398,13-04-2020,5.349593590101661,3815887217.592826,2601844969.464893,17466.50766666667,4946.517786561265,317295
399,12-04-2020,5.417597219160887,3813713308.846007,2583513641.551986,845.0769230769231,6242.517786561265,317295
400,11-04-2020,5.372145098225745,3781987014.9317107,2845934490.7191873,843.1909090909091,6242.517786561265,317295
401,10-04-2020,6.049482498097081,4258801951.0818505,2943365776.9831223,17431.583333333332,5472.519841269841,317295
402,09-04-2020,6.088974015433328,4289556814.24041,2578437007.728226,17398.615384615383,5096.519841269841,317295
403,23-03-2020,4.43182305618036,3056630700.9412384,2435527021.1241264,17058.974692307693,11912.518518518518,354014
404,22-03-2020,4.64141240129132,3203942897.6956387,2078984667.3928757,16992.015333333333,11912.518518518518,354014
405,21-03-2020,4.795852700815462,3299570533.87669,2916829945.1093783,17011.31033333333,11912.518518518518,354014
406,20-03-2020,4.797718537446719,3331813408.217719,2816766639.5886164,17025.629333333334,11432.518518518518,354014
407,19-03-2020,4.210859465328407,2900724493.782456,2112673896.1160285,16962.68966666667,11344.502057613168,354014
408,18-03-2020,4.220008858449141,2917951287.7302814,2118527407.3322904,16900.55769230769,11346.502074688797,354014
409,17-03-2020,3.8668388018302813,2669106932.1141124,2228480754.677696,16896.336363636365,10603.506276150627,354014
410,16-03-2020,4.480233565483512,3102792597.6722217,2551090862.642725,16889.79090909091,10603.506276150627,354014
411,15-03-2020,4.505890314678748,3040117002.776745,2766940747.7960815,16883.384615384617,10603.506276150627,407593
412,14-03-2020,4.615790189090819,3102904339.420106,3160064695.198727,16862.84866666667,12262.506276150627,407593
413,13-03-2020,4.2175632518085076,2891393259.67006,2398871872.6355133,16860.515333333333,12263.502092050208,407593
414,12-03-2020,8.134655212018052,5544511864.720776,2610564747.1692166,16842205,12261.502092050208,407593
415,11-03-2020,8.435984708860003,5800576025.326282,3310644931.696176,16836.106333333333,12267.504201680673,407593
416,10-03-2020,8.286980478103112,5529952747.844546,3250126938.5557985,16821682,11985.506329113923,407593
417,09-03-2020,8.815031440949355,6027867804.943208,3450291685.3425984,16792.84866666667,11989.50847457627,407593
418,08-03-2020,10.198210602346697,6893694779.646095,3307083609.5082803,16748.25766666667,0.0,407593
419,07-03-2020,11.216437703172968,7607375361.308427,3549320983.4869485,16727.423076923078,26933.508474576272,407593
420,06-03-2020,11.406357844791417,7669489326.590877,3757680523.1173472,16703637,26579.504237288136,407593
421,05-03-2020,11.782424249416886,7903652204.911395,4534955427.173567,16654.62166666667,26491.495726495727,407593
422,04-03-2020,11.04908489180146,7433752162.5389805,4089636943.437044,16598.276307692307,25746.495726495727,407593
423,03-03-2020,11.15784394647562,7459508797.4096155,4369705671.293124,16497.87246153846,25742.497854077254,407593
424,02-03-2020,9.61725521382112,5939932149.43777,3111104918.35846,16395.25,25153.5,407593
425,01-03-2020,10.008086563256601,6157163548.884677,3292978789.802749,16373.424333333334,25153.5,407593
426,29-02-2020,10.552006086354462,6520196332.983467,3927919022.32976,16349.70546153846,29382.487068965518,415248
427,28-02-2020,11.32088428582577,6944752156.06477,4446603239.234163,16315.493923076923,29215.478448275862,415248
428,27-02-2020,11.141507576205127,6836197977.5497265,5199870046.411425,16266.288333333334,28811.478448275862,415248
429,26-02-2020,12.00539588270882,7414477071.512666,5116608889.283626,16247.711538461539,28289.504545454547,415248
430,25-02-2020,14.940498911112021,9102918880.506895,5856816103.761481,16205.371666666666,25232.5,415248
431,24-02-2020,14.049299382915095,8535258080.888639,4556266231.237262,16137591,21414.5,415248
432,23-02-2020,13.62072213157464,8210830908.032519,5499821640.992844,16106.447333333335,21414.5,415248
433,22-02-2020,12.78583516597323,7714392112.64707,6313533969825,16028.75,135138.5,415248
434,21-02-2020,13.300173201205437,7867065494.661332,6009649377.338053,15919864,135124.5,415248
435,20-02-2020,10.753355991195503,6441311450.426163,3522455442.814287,15792.424333333334,135074.5,415248
436,19-02-2020,10.499718371136716,6286124274.8667965,3001604540.455731,15698.439666666665,134889.50230414746,415248
437,18-02-2020,9.903627984373834,5867267469.357074,3447878267.0933976,15652.447333333334,134553.50230414746,415248
438,17-02-2020,10.268610298334762,6057836927.3755245,2821201701.199379,15614.424333333334,133473.50462962964,415248
439,16-02-2020,10.022423612575354,6032225591.042493,3036289283.821057,15575.153846153846,133474.50462962964,415248
440,15-02-2020,10.997122819965924,6508142217.705564,3294374201.9600625,15541.102230769231,132077.50462962964,450102
441,14-02-2020,10.448671949581533,6302432864.10633,3358355210.447923,15496.56376923077,132075.50462962964,450102
442,13-02-2020,11.651202331868618,6878030798.937728,3459497319.6792808,15458477,131801.5,450102
443,12-02-2020,11.06206964005164,6514482894.234727,3281875412.596446,15431.644666666665,129821.5,450102
444,11-02-2020,10.873854686369222,6408923201.410936,4025860570.228551,15336.93623076923,129648.54,450102
445,10-02-2020,10.31052246946953,6059471331.691707,3209438082.402645,15206.015333333335,119589535,450102
446,09-02-2020,9.262842273421223,5434100028.866765,2467456694.1067863,15187.31376923077,119589.53,450102
447,08-02-2020,9.454340145187304,5532963137.78892,2718600969.921893,15162.173076923076,121435.53,450102
448,07-02-2020,8.617793410473087,5072420769.3883705,2234224329.7347937,15128.189666666667,121078.53,450102
449,06-02-2020,8.283064701831249,4829887775.694001,2190680120.162921,15104864,120754.53299492385,450102
450,05-02-2020,8.466763846840758,4933015823.426155,2528816218.3018556,15074.371666666666,120756.53571428571,450102
451,04-02-2020,7.954116516893735,4624354098.33635,2094782090.1575537,15030.666666666666,118696.51530612246,450102
452,03-02-2020,7.701314615571563,4442656747.866215,2001516304.721833,15006.75,118441.50515463918,450102
453,02-02-2020,7.5350084504220245,4339157027.4672575,1803771161.8033051,14967682,0.0,450102
454,01-02-2020,7.486140654336579,4342574733.854505,2163505751.5319414,14951182,118118.50777202072,450102
455,31-01-2020,7.309740462860714,4188504199.289915,1721119111.9784513,14937682,117986.50777202072,450401
456,30-01-2020,7.228605709638807,4159916096.9258275,1689461196.0697565,14908167,25902.507772020726,452232
457,29-01-2020,7.311735539864398,4183685833.7584643,1676450162.507764,14870.615384615385,25901.510416666668,452232
458,28-01-2020,7.209801610334208,4123485324.706334,1535651761.109149,14861.083333333334,25292.524324324324,452232
459,27-01-2020,7.120963297779037,4066940721.3524942,1592299260.3445969,14853.098666666667,8277.524324324324,452232
460,26-01-2020,7.038765678952828,4010840467.736743,1500339076.713245,14845.242923076925,8277.524324324324,452232
461,25-01-2020,6.967998548864732,3963777604.296876,1607742033.2977023,14822.333333333334,8278.524324324324,452232
462,24-01-2020,7.03938017046318,3987136957.8870654,1524048819.1573892,14807.384615384615,8268.524324324324,452232
463,10-01-2020,6.6610364414986165,3611052212.6803203,1424853019.1697114,14528.5,5603.0,440890
464,09-01-2020,6.844336521941263,3712417256.1391926,1404771646.7511804,14514.083333333334,5514.0,440890
465,08-01-2020,6.926025515709167,3728135062.4106054,1599313263.8913593,14495.852230769231,5384.0,440890
466,07-01-2020,7.211379014283273,3868963882.9298873,1574473198.451788,14486.390692307692,5264.0,440890
467,06-01-2020,6.908730669138612,3698705777.8816824,1462734159.4784613,14462.23076923077,4706.0,440890
468,05-01-2020,7.040220731234098,3759809612.556359,1448084317.0905304,14443.698384615385,4707.0,440890
469,04-01-2020,6.787489109852291,3618995193.501971,1611819036.5060093,14428.507666666666,7536.0,440890
470,03-01-2020,6.400370516553241,3402802336.788474,1395573827.032078,14410.106333333335,7413.0,440890
471,02-01-2020,6.5725104227682545,3480325461.751597,1410212135.5785425,14383083,4900.0,440890
472,01-01-2020,6.490052228239188,3430816043.40094,1428266664.6288226,14376.75,4905.0,440890
473,31-12-2019,6.735158230770875,3552421421.69766,1116057023.1110318,14375.833333333334,4905.0,440890
474,30-12-2019,6.993502292013156,3687077774.7354584,1516700446.9696932,14382.711538461539,4887.0,443575
475,29-12-2019,7.034626006316478,3697782443.040859,1492923324.3554845,14360.856333333335,4887.0,443575
476,28-12-2019,6.888773161602329,3611129682.87492,1507420133.0059652,14346.320846153845,5226.0,443575
477,27-12-2019,7.144833425268032,3720532613.8719497,1553978607.707428,14337.236846153846,5215.0,443575
478,26-12-2019,6.838623276479624,3559888624.4667225,1156588149.3263936,14332.236846153846,5183.0,443575
479,25-12-2019,6.9894246173963275,3622650814.963874,1780895702.4387438,14318.833333333334,5184.0,443575
480,24-12-2019,7.2357923598741145,3741858299.6655397,2278678044.238269,14331.166666666666,5184.0,443575
481,23-12-2019,7.502769593772297,3888192154.041244,2510166259.606346,14322.486846153846,4934.0,443575
482,22-12-2019,7.223068306477149,3723914335.582202,2246298420.074756,14296.640692307692,4934.0,443575
483,21-12-2019,7.209016724972941,3697213906.0417376,2759195708.6913247,14285.615384615385,6770.0,443575
484,20-12-2019,6.9390853025436865,3544267862.225212,2108209975.5025702,14280.916666666666,6390.0,443575
485,19-12-2019,7.378248684853978,3763336284.1712036,2232270246.7766523,14270.348666666667,5928.0,443575
486,18-12-2019,6.6496555487568,3373869316.3998227,2010607293.0179586,14247.030666666667,5769.0,443575
487,17-12-2019,7.3797119984635655,3695501461.005592,2339299423.0840464,14226819,5783.0,443575
488,16-12-2019,7.989200918598193,3983250998.4289446,2328558578.312155,14194.242333333334,5623.0,443575
489,15-12-2019,7.664567301273428,3828444701.083222,2116563214.4874158,14174.513153846154,5610.0,433100
490,14-12-2019,8.241534780366928,4091526386.7010326,2217349720.1496787,14148796,123402.0,433100
491,13-12-2019,8.307034079964046,4098404812.153253,2677553502.299323,14129.916666666666,122169.0,433100
492,12-12-2019,8.650173897284155,4281947564.2420115,3156866914.6439877,14109.583333333334,122170.0,433100
493,11-12-2019,8.343687462691749,4126713174.5710573,4373975782.976893,14082.23076923077,121859.0,433100
494,10-12-2019,9.044358355624606,4448206109.961249,4802980346.25754,14080.782384615384,120608.0,433100
495,09-12-2019,8.885211067978696,4370761486.19898,4349091735.085806,14030341,120612.0,433100
496,08-12-2019,8.32932608441825,4053461642.59819,3626963129.78181,14004.923076923076,120519.0,433100
497,07-12-2019,8.053671145081731,3939391985.1179924,3395924847.5961804,14001841,123882.0,433100
498,06-12-2019,8.011155842890627,3922841091.5368824,3345032256.0738354,13974.757666666666,123818.0,433100
499,05-12-2019,8.16518045555161,4005178841.728857,3880324820.056534,13954.236846153846,123821.0,433100
500,04-12-2019,8.603261563253035,4175376128.707374,3966995864.518286,13932.775307692309,123484.0,433100
501,03-12-2019,8.495278466372229,4089598573.600357,4101110574.7507443,13942.523000000001,124553.0,433100
502,02-12-2019,8.00989069366427,3816765688.319766,3788647139.448818,13931808,124554.0,433100
503,01-12-2019,8.17131942969724,3960681106.6425877,3887579810.2313914,13918.129176470587,124554.0,433100
504,30-11-2019,8.509153991163274,4094943427.6851387,4347729128.049352,13911.207999999999,124554.0,425453
505,29-11-2019,8.045222595032106,3853892962.490298,4910032586.321475,13909.899222222222,124558.0,425453
506,28-11-2019,6.851604046942667,3268175125.4776974,3309279568.4134636,13863.947888888888,124564.0,425453
507,27-11-2019,6.66077437112642,3181950565.155976,3097710162.267229,13831.9455,122673.0,425453
508,26-11-2019,6.2802256394266145,2994748131.634511,2978357147.9893227,13848085,122679.0,425453
509,25-11-2019,6.221888060836354,3046871973.768946,1938368244.2938428,13836017,122681.0,425453
510,24-11-2019,6.871586238946848,3268658588.744345,3285600300.997661,13795.033588235294,122681.0,425453
511,23-11-2019,6.708792204957178,3163074670.4688134,3396153393.3133855,13803.509666666667,124529.0,425453
512,22-11-2019,7.318756785583499,3452959488.5524435,3285205967.1677313,13799.254545454545,123146.0,425453
513,21-11-2019,7.608790535647387,3570698250.0850444,3347108106.2851653,13721.0,122820.0,425453
514,20-11-2019,7.41630836091306,3473638313.1382647,3328525531.458911,13712.762153846155,7206.0,425453
515,19-11-2019,7.6635835902887255,3595208961.614551,3408169724.0630493,13718457,7182.0,425453
516,18-11-2019,8.227802089468039,3840424898.067506,3448154014.029348,13708.41594117647,7089.0,425453
517,17-11-2019,8.268623212509455,3848393950.7149577,3516675241.501207,13698.4375,6703.0,425453
518,16-11-2019,8.199140850312604,3783797067.6326494,3707335626.663008,13677242,24041.0,425453
519,15-11-2019,8.505244618217922,4000230725.216745,3806646733.3120985,13650.634615384615,23851.0,351418
520,14-11-2019,8.738310917859296,4046356071.581456,3609045499.438526,13638.27457142857,22381.0,351418
521,13-11-2019,8.318136001248606,3866931945.2419424,3818644246.215996,13604.882352941177,21552.0,351418
522,12-11-2019,8.454948560718085,3932880277.497646,4096590841.2699413,13588.9625,21022.0,351418
523,06-11-2019,8.707770031087364,4051784627.304212,4612928278.764815,13547971,28373.0,351418
524,05-11-2019,7.816608989542755,3628058795.811299,3916518525.089319,13497.887499999999,28223.0,351418
525,04-11-2019,8.05582529669056,3743545249.1588874,4123841977.70374,13482.54094117647,28417.0,351418
526,03-11-2019,7.887539585087113,3645503505.264725,4518874555.529417,13470.8,28417.0,351418
527,02-11-2019,7.883965314876751,3636282446.347636,4460219559.271605,677972,28417.0,351418
528,01-11-2019,6.733092822759133,3095970926.299723,3323314732.629948,13426.880666666666,27699.0,351418
529,31-10-2019,6.6278962837287585,3043987230.856752,3278596062.030951,13409.4,27585.0,346496
530,30-10-2019,7.047474297925399,3230099115.7273126,3511224678.6463733,13392.121823529413,27301.0,327819
531,29-10-2019,7.126091855482971,3258836998.187204,3628088526.0764494,13383.97894117647,26939.0,327819
532,28-10-2019,6.63198405554495,3013852999.7878065,3401122298.7375746,664.9768888888889,26528.0,327819
533,27-10-2019,6.60220408349515,2996474132.031002,3365181309.2290616,13364.71005882353,26528.0,327819
534,26-10-2019,6.502534972642348,2971316939.2208967,2856779719.1271873,662.0763333333333,26864.0,327819
535,25-10-2019,6.174833387090426,2808781791.9758596,2486381145.1895127,13342.7,26700.0,327819
536,24-10-2019,6.43250832963826,2910240832.003749,3148750024.8987994,13319.251222222221,13279.0,327819
537,23-10-2019,6.864664142170656,3082738938.6168857,3164218247.6439633,13299.146999999999,13265.0,327819
538,22-10-2019,6.941708020547443,3133340337.8303337,3222021173.9742503,13273.960666666666,13260.0,327819
539,21-10-2019,6.841394527871338,3088381338.953387,3286025806.3970313,13262118,10003.0,327819
540,20-10-2019,6.850267574317272,3067272318.6632614,3160185712.6800494,13257.333333333334,10003.0,327819
