,date,price,market_cap,volume,community_score,dev_score,public_interest_score
0,11-06-2021,1136.369743051064,309722262012.3539,17215231444.440712,22935.449384615385,244542.83514986376,8787
1,10-06-2021,1169.5273131210113,320873549648.8242,35359424815.758644,341839.8113333333,244542.83514986376,8787
2,09-06-2021,1143.6392916814211,314039922640.89154,50400139855.994675,339705.1973333333,243189.83509369678,8787
3,08-06-2021,1055.6107735385683,293994058070.7406,26050777282.758522,337547.5708461539,242456.8349249659,8787
4,07-06-2021,1164.3021481930248,317062618068.5729,22730067466.78321,335557.3036666667,239256.83327639222,8787
5,06-06-2021,1083.8841779941022,292361131114.4289,31728380158.828163,21789.40133333333,239258.83356117568,8787
6,05-06-2021,1035.920837687998,282995327846.3424,30042048533.885036,331227977,290534.8340745809,8787
7,04-06-2021,1097.9491362211636,303854046300.31726,27739322722.798615,329253.16092307697,265994.8358464702,8787
8,03-06-2021,945.9833118264164,257804666802.67776,14569288001.69229,327521.07692307694,265276.8294440631,8787
9,02-06-2021,855.424993111926,233735460526.70258,12454299160.334253,325328.8793333333,0.0,8787
10,01-06-2021,898.5970180383941,245343605000.0395,15309855143.64939,323336841,261681.8237113402,8787
11,31-05-2021,789.318784473425,215171361307.2805,10653473131.873459,321334.96861538466,259051.82500861178,8743
12,12-05-2021,1249.2417792888564,341210145257.0706,16422523050.86583,248254.66666666666,142353.82711267605,15641
13,11-05-2021,1192.0245621477927,325313127415.5145,16946504739.26596,241456.34866666666,141038.82699083863,15641
14,10-05-2021,1231.7553877498272,335174728115936,17531513206.132156,237756.66666666666,137720.82608695654,15641
15,09-05-2021,1266.3885895064461,346028193394.1502,15662194671.407635,14824.090076923076,137532.82725663716,15641
16,08-05-2021,1193.9423348720618,325334415896.61053,17409992421.36175,231327.05061538465,139970.8284296349,15641
17,07-05-2021,1214.6084743248828,330771315592.6764,13887146487.651966,227963.12246153844,138886.82835820894,15641
18,06-05-2021,1252.2030566642425,340201286449.23773,17655942205.294277,224926.53833333333,136652.8291206835,15641
19,05-05-2021,1191.767162315662,326416788364.3877,23749655163.960594,222058.10533333337,111522.82870370371,15641
20,04-05-2021,1287.1219392050366,351793411706.9699,21066212438.532776,218571.21153846153,87372.82822523164,15641
21,03-05-2021,1307.666320163542,354717056903.62354,20513128171.209713,215227.37853846152,83976.82940756602,15641
22,02-05-2021,1383.6966557103678,376287090648.5507,30865082217.439213,13151.416666666668,83978.8293466619,15641
23,01-05-2021,1197.9134493172435,323895686522.5168,19934468545.422646,207151.6093076923,89329.82964285715,15641
24,30-04-2021,1187.061144539513,321171622607.52716,28087641515.635303,203004.3076923077,57697.83053271362,23689
25,29-04-2021,1254.348961147999,338758835901.9107,36997394747.86454,198846.81133333332,53915.83041144902,23689
26,28-04-2021,1206.5548361816855,327481419357.4062,24831579541.333397,194697.90899999999,51393.83094555874,23689
27,27-04-2021,1238.2970099838103,335446683261.8652,50333034961.195816,190182.5,47578.831299353915,23689
28,26-04-2021,1336.7645508979635,363176304354.2387,59345986753.80628,185858.61538461538,46831.8306364617,23689
29,25-04-2021,1142.7809965096671,311942521007.31976,42315420277.4298,10283.5,52554.83087441526,23689
30,24-04-2021,1039.6224689161027,280740423014.5057,60886192718.510735,176346546,52507.83207207207,23689
31,23-04-2021,1096.0712895067109,296079149146.15857,45460640458461,173796.6983846154,51685.83207207207,23689
32,22-04-2021,904.6198449018735,247493158195.67355,25658573177.87747,171702.26923076922,49743.83201153569,23689
33,21-04-2021,888.5478894559111,242238453776.62946,27539055700.734093,169019.64466666663,49732.831651045424,23689
34,20-04-2021,893.8052613915029,243477865811.1444,32080757974.216705,166998.18523076925,45833.83243048032,23689
35,19-04-2021,916.7962560338794,249900001492.17444,41170751714.90192,166450.63461538462,41675.8280854144,23689
36,18-04-2021,706.9728422389572,191176660057.3887,7343479707.11326,8242.984666666667,41402.828385228095,23689
37,17-04-2021,714.5846118460853,193561265860.61365,8318889101.831617,163117.5,55370.828385228095,23689
38,16-04-2021,787.3519860550887,212488795096.37204,7580699936.355598,161964.90000000002,51730.82832307135,23689
39,15-04-2021,750.6676092467275,201875193027.25113,12069496302.4323,160710.77272727274,50882.829462989845,29632
40,14-04-2021,783.599834226596,212529823280.61707,9312925255.959848,159370.03833333333,47861.82848837209,29632
41,13-04-2021,810.3063859982094,217850695355.9808,11027219916.813122,157963341,47404.8284260269,29632
42,12-04-2021,793.2237344434992,213980338761.85217,8378017991.210021,156868.40999999997,41859.8285402257,29632
43,11-04-2021,763.5605579627459,206118964804.08463,9677785322.313866,7570.59,38939.82877959927,29632
44,10-04-2021,790.6469267252684,213686883739.76324,10009586626.101477,153539705,83305.82871720116,29632
45,09-04-2021,767.507837015835,205561187697.59976,12667834859.624369,152202.42433333336,82805.82835276968,29632
46,08-04-2021,756.620824502935,205484833335.32312,20261295089.43829,150769.67307692306,82670.82865475756,29632
47,07-04-2021,710.912666004597,190000809395.42883,11496476192.936579,149344091,81647.82895696572,29632
48,06-04-2021,651.6266837133539,174494930320.35498,9210995306.07117,148062.96166666667,80666.82937522835,29632
49,05-04-2021,685.7436685194518,184381481776.50516,15307430543.094833,147086667,78959.82900986481,29632
50,04-04-2021,645.0986996057172,173464340807.11978,17147750554.78092,6842.954461538462,78838.82900986481,29632
51,03-04-2021,563.4401920445025,150928009540.39197,4626397287.010785,144279.14169230766,94315.82894736843,29632
52,02-04-2021,543.0974896091702,145670070405.1516,6085593478.914407,143214.96761538464,94318.82925045704,29632
53,01-04-2021,553.2137888984491,148458814833.28137,7249854896.578804,142317.04453846155,93258.83046503112,29632
54,31-03-2021,545.6652864996456,146288299109.81317,9125630591.112616,141273.62166666664,90749.8310117302,30245
55,30-03-2021,538.8426099600085,144305094640.8563,7597836975.728983,140373.15899999999,90597.83131646499,35910
56,29-03-2021,515.1568491449482,138719237316.98926,15300466152.526703,140787.81033333336,88043.8324761205,35910
57,28-03-2021,473.92104044620356,127243619359.48228,8090343469.78369,6122.9807692307695,87171.83308823529,35910
58,27-03-2021,421.93061455674433,113069146531.9658,5256039158.118321,141069.09007692305,95285.83272058824,35910
59,26-03-2021,370.89295642668515,98933467512.61548,4115159306.713377,140032.03733333337,93740.83272058824,35910
60,25-03-2021,387.40208148831255,104360821327.08385,4211969082.111845,139080.25607692308,0.0,35910
61,24-03-2021,404.77797281921653,108245962769.8082,3817979578.522646,138611.56033333336,84030.83216783217,35910
62,23-03-2021,421.1815055819675,113212529476.21806,9250269534.775984,137851.07566666664,82204.83198231393,35910
63,22-03-2021,406.26117377247385,108499574381.29597,2257151566.2366695,137369.65133333334,80268.832288979,35910
64,21-03-2021,405.44853784624434,108696552528.1973,2452247605.7871284,5735.348666666667,80268.8325958702,35910
65,20-03-2021,402.8090153351597,107484842367.44409,2466423491.146793,135931.85930769233,94278.83290298784,35910
66,19-03-2021,405.5443285998556,108532153340.4941,2794934889.6126966,135199.46266666666,88939.83087149187,35910
67,18-03-2021,402.44855787450524,107499930943.15999,3329686611.702928,5656.620666666667,0.0,35910
68,17-03-2021,386.6396083473839,103122069543.94978,4093775570.975521,136671.10930769233,85495.82951183432,35910
69,16-03-2021,399.9224644802577,107389537781.55586,3760745016.8211603,137162.29599999997,51506.82877218935,35910
70,15-03-2021,410.3132229815598,110269565365.77493,3149712502.0890684,136570.34866666666,49879.82777777778,46450
71,14-03-2021,431.3790821089921,115538357609.06926,5292970120.2827835,5546.378333333333,49815.82808447573,46450
72,05-03-2021,364.9648904801351,96448417317.35422,4109041235.925566,130983.45546153847,59580.829858525685,46450
73,04-03-2021,391.79196398789026,103796999653.95352,5455699133.265874,130458.73684615384,55641.829795158286,46450
74,03-03-2021,388.72383920117994,102786953793.44373,6246745206.730594,129743818,52117.82985074627,46450
75,02-03-2021,416.90453177845376,110272798381.93965,10885525754.975615,128922682,51217.82978723404,46450
76,01-03-2021,363.0828208350252,97023772499.83788,10817318351.357868,128383.42307692308,50269.829970104634,46450
77,28-02-2021,370.96994237714614,97601694906.46507,9242788741.222857,5014182,49925.829970104634,56580
78,27-02-2021,380.94641070871916,101184768563.84065,12240704889.265368,126747.47469230769,89981.83028037383,56580
79,26-02-2021,385.0357406385353,102335505084.27266,14720202849.178461,4876.734666666667,88674.83108614232,56580
80,25-02-2021,486.2577671178515,128861791839.12961,18194946253.54323,125377.03833333333,85760.83164604424,56580
81,24-02-2021,422.4005883756975,111864845542.29521,34674570801.82193,123794.62066666667,83904.83108108108,56580
82,23-02-2021,401.3316767006418,104372190835.09653,20743150255.332867,122349.30769230769,80271.8313298272,56580
83,22-02-2021,310.43480730919885,82213478799.15417,5186193896.817411,120620.23076923077,79867.83195488722,56580
84,21-02-2021,280.53836653800533,73045722588.87674,4236447937.554766,4231.030666666667,79871.83258088789,56580
85,20-02-2021,319.53089743856225,83610349499.24854,9436685894.09205,119279.63461538461,138009.8328942416,56580
86,19-02-2021,251.23427974535812,66305168199.14853,2600408058.936225,118920.57566666667,135542.8333961553,56580
87,18-02-2021,229.9425288035547,60723752140.52319,2675381852.0234375,118406.59866666667,131466.8333333333,56580
88,17-02-2021,232.82728668478538,61194250571.69041,2026947944.163288,117870.98784615385,130705.83169811321,56580
89,16-02-2021,247.85726136956256,64975225586.596596,3081113742.169514,117502.39676923076,126086.83232628398,56580
90,15-02-2021,244.6355392477612,64457361358.73391,3123522574.611962,117331318,125977.83194864048,80032
91,14-02-2021,244.253439952724,64466853968.39115,3270367494.1433244,3921.6896666666667,125484.83219954648,80032
92,13-02-2021,258.68524677843425,68022902972.19847,3221420336.014118,117066.4493846154,138742.8325141777,80032
93,12-02-2021,257.4596577115097,67055187391.46367,5628350493.269912,116833.0,138466.8325141777,80032
94,11-02-2021,252.94286030480555,65834966856.09094,4251784622.597177,116610.60930769231,136585.83364910953,80032
95,10-02-2021,218.64812982873596,57716953927.03014,4328596466.308297,116164.70446153847,135803.83358605002,80032
96,09-02-2021,220.62168518736544,57675662292.70041,5551075808.115814,115626568,130328.83352294273,80032
97,08-02-2021,186.308693576117,48724930958.73723,3725547269.8330803,115791.3006153846,126773.834663626,80032
98,07-02-2021,171.2246802350395,45192146307.62939,3754112831.5116763,3593.5384615384614,97969.8349809886,80032
99,06-02-2021,187.7096807225543,48492054175.482475,3430301043.2267556,115106704,104778.83517320137,80032
100,05-02-2021,179.11401894141113,46835616606.72255,3816217812.261389,114498204,95803.83542857143,80032
101,04-02-2021,159.59641704187203,41460838613.25906,2626383339.3403945,114154.93015384616,95731.83536585365,80032
102,03-02-2021,146.48946897396317,38320413413.11651,3449709081.068439,113856.28238461539,90303.83568433092,80032
103,02-02-2021,128.4711941567429,32998897633.10017,1313233905.552127,113480.45546153847,90249.83485888634,80032
104,01-02-2021,119.45934398502678,31057255908.998116,2730058786.7182665,113014.78833333333,89564.83645395491,80032
105,31-01-2021,118.60195061854557,30816067302.377884,1879305853.3296237,3265.4099230769234,89495.83645395491,80032
106,30-01-2021,108.26049870499418,28346702057.764515,1590730598.279816,112529.31033333333,94408.83562691131,90687
107,29-01-2021,106.75899320752441,27790326172.388245,1102063084.902034,112298.56984615384,92182.8351185922,90687
108,28-01-2021,103.35694956977929,26967173038.26636,1166960516.390162,112154.5,91345.83505549177,90687
109,27-01-2021,112.61022143451679,29450479503.454124,2789930198.811833,111857.17333333332,45956.83492914592,90687
110,26-01-2021,103.69486975347711,27092919524.516808,2849848585.5762215,111795583,42869.83435582822,90687
111,25-01-2021,101.57533502278439,26470561721.324554,1114762209.398192,111578.60633333333,36866.834612432845,90687
112,24-01-2021,97.92696010635146,25459619088.13196,966635701.4762855,3089.5060769230768,40080.83519016519,90687
113,23-01-2021,93.44648078935722,24353377390.099796,2206926144.251064,111149.03138461539,40065.8313484441,90687
114,22-01-2021,83.60686391157913,21955499446.821537,1567161328.6937332,111095773,37504.82750672301,90687
115,21-01-2021,103.98155100239296,27138319701.157635,1629960927.455706,110962.98684615384,36358.82807692308,90687
116,20-01-2021,101.68405260027221,26629184105.721046,1956996693.1865902,110684.25707692308,33104.828571428574,90687
117,19-01-2021,105.54781484759307,27594037440.939175,2596105857.924521,110415.87833333333,29987.82882534776,90687
118,18-01-2021,106.94553557531411,28515297949.938896,2623857045.378692,110414.09866666667,27951.82875918052,90687
119,17-01-2021,96.64291397368679,25309743143.12878,2794226170.567234,3029.8563333333336,27307.829079659707,90687
120,16-01-2021,91.15303246657749,23930265640.603996,1625957425.2690814,110239.65384615384,36819.82940038685,90687
121,15-01-2021,91.79269589134256,24056087511.713142,2139408070.1090229,110074.34615384616,36038.82945736434,92318
122,14-01-2021,98.69400272029385,25837838155.595688,2102857361.0211377,110034023,34604.830613830614,92318
123,13-01-2021,100.41147714293447,26273022474.07344,2730950716.851761,109794455,34323.831259720064,92318
124,12-01-2021,87.13476717874939,22915110079.63363,2973405164.5751343,109524.03238461539,34326.83158304162,92318
125,11-01-2021,97.3494769282293,25567570254.952026,2267304714.3319173,2950.8563333333336,30162.83112840467,92318
126,10-01-2021,94.9414689232436,25094247774.8124,3366884434.8293343,2939023,30015.831386292833,92318
127,09-01-2021,90.6237201278341,23338815172.51725,8034305767.858934,109097023,53475.83171016751,92318
128,08-01-2021,66.36960434409005,17312811747.62266,6146640455.396031,108776.49233333333,50120.83196881092,92318
129,07-01-2021,53.89150499444912,2516598737.3831615,1871035307.8298867,108524.5,50029.83294301327,92318
130,06-01-2021,60.43958662200057,2805586183.3162026,1818374875.6833203,108133.44838461539,49425.83294301327,92318
131,05-01-2021,68.00855532801818,3139543083.628173,2099658188.7753086,108278.45546153847,49399.8328125,92318
132,26-12-2020,40.66117250797397,1894436387.192768,317847721.0201216,107328591,67984.8343799058,87194
133,25-12-2020,38.352738540201614,1779732943.731704,328254621.29030234,107290.13461538461,67985.8343799058,87194
134,24-12-2020,33.95574113918583,1596636755.9772885,613983939.8130559,107291318,67611.83398744113,87194
135,23-12-2020,42.02169236271124,1957204794.2049394,410920547.2115816,107125432,62147.83320251177,87194
136,22-12-2020,43.45500522327147,2025878145.797996,288055971.87998784,107284.12166666667,62121.83313702395,87194
137,21-12-2020,44.04147568204024,2050600128.6900373,318189434.6354294,106979.71153846153,57892.83346425766,87194
138,20-12-2020,46.99491744874861,2187498501.0427947,313622898.89369166,2746.0253076923077,57879.83411949685,87194
139,19-12-2020,47.88140223646441,2228129220.8921456,280119687.508129,106820205,67954.83405426661,87194
140,18-12-2020,47.217321180538534,2194080869.3827586,556431664.1635015,106498.75707692308,67820.83405426661,87194
141,17-12-2020,50.050941849182095,2326350058.443927,581394151.9828752,106582.37853846153,54594.83326779395,87194
142,16-12-2020,49.28118120477648,2275981286.602007,722714084.4295923,106418.98566666667,54555.83130161227,87194
143,15-12-2020,44.72667874133678,2085677157.6026483,305188651.83005583,106246.81133333333,51683.83123524784,83284
144,14-12-2020,44.14984626355152,2039521833.2298717,305256180.0256089,105960.94733333333,45436.83077528532,83284
145,13-12-2020,42.01661746003333,1944570802.0612562,258623615.99951074,2717.7945384615387,44725.83077528532,83284
146,12-12-2020,40.85602932379071,1890038629.5536306,303186053.0832071,105577.05266666667,51835.829988193625,83284
147,11-12-2020,44.46225204895422,2059368391.9335706,256116560.1865518,105560954,49355.831558185404,83284
148,10-12-2020,47.047801310524086,2183171723.049915,473123666.97953147,105074.87166666667,48716.831886345695,83284
149,09-12-2020,47.171209751207584,2192653309.34174,483253315.46176064,104571.07692307692,47208.831886345695,83284
150,08-12-2020,51.68500852894312,2391135692.7753572,295557375.86218005,104356.28238461539,46837.83070244672,83284
151,07-12-2020,52.23725207920981,2415559903.1897426,299040779.329767,103747.34007692308,45928.83122529644,83284
152,06-12-2020,55.8308693295593,2580945015.536887,299865172.97502655,2695.9230769230767,45914.83122529644,83284
153,05-12-2020,52.43995761679262,2435155687.1666727,349212114.35904765,102221.55366666667,56172.830434782605,83284
154,04-12-2020,59.558430880397104,2755499001.375869,742660750.2232717,101029.85633333333,56083.82997232107,83284
155,03-12-2020,60.248833267133854,2798252469.4830813,572226467.4205807,98702.92433333333,52976.83023347843,83284
156,02-12-2020,56.4498570162363,2614974513.3317924,451613238.1005248,95162416,52957.83023347843,83284
157,01-12-2020,56.0704617318942,2594338379.534239,293929462.2473401,95071.44230769231,39876.832473203656,83284
158,30-11-2020,54.56774579462168,2509131308.9843874,213204329.99462238,95028.38461538461,39856.831679237795,83508
159,29-11-2020,53.91068670101334,2477582926.772572,386253886.72503245,2661.9166666666665,39836.831679237795,83508
160,28-11-2020,53.02339150251394,2434587773.7112226,457526812.75428677,94877182,60368.831679237795,83508
161,27-11-2020,54.251270832038095,2489059905.098772,1181314580.7586505,94865614,60381.831679237795,83508
162,26-11-2020,64.52561816143633,2961276077.0702653,892234945.0317726,94883.31133333333,60380.83227344992,83508
163,25-11-2020,64.36868024142608,2941978587.577788,913513713.1516471,94855.53846153847,57666.83220675944,83508
164,24-11-2020,64.82249223741853,2980051430.9307866,539730400.4060338,94768.43966666667,55224.83214001591,83508
165,23-11-2020,61.39794736993052,2843146869.7463193,587065608.6722782,94959.75,49722.83247115002,83508
166,22-11-2020,67.96909901896998,3113945446.931275,723993024.1273344,2625773,49613.83280254777,83508
167,21-11-2020,59.915578131236146,2759918453.5549383,296023795.18856615,94840.93523076923,90192.8324044586,83508
168,20-11-2020,58.94202788302244,2704646036.481608,265195014.35035592,94791.02630769231,89114.83154121863,83508
169,19-11-2020,60.41842193008525,2769690817.266621,395059168.3120211,94702.75666666667,88368.82908366533,83508
170,18-11-2020,62.65201398227536,2884511634.383504,455359698.7150242,94753136,85650.82841181164,83508
171,17-11-2020,64.53492611772359,2958667222.760361,587917508.442175,94749.28238461539,85647.82874251498,83508
172,16-11-2020,58.15935522814399,2670128405.954466,510017954.05369043,94730.01215384615,84038.82874251498,83508
173,15-11-2020,54.714893050174695,2517836074.4282393,213200045.1771196,2591.6283333333336,83288.82794411178,76248
174,14-11-2020,57.501467585375615,2633270222.386697,309329911.37840414,94702.29090909092,116550.82667731629,76248
175,13-11-2020,53.986069503532484,2475146090.6869197,407460614.5272563,94681.93966666667,114359.82667731629,76248
176,12-11-2020,57.05275546224927,2613926103.237562,513284033.44191647,94696.73566666667,113247.82374100719,76248
177,11-11-2020,64.42969928017266,2986977206.6843734,505755907.64674264,94674319,107756.82374100719,76248
178,10-11-2020,58.104686383578034,2661553179.2860093,671154121.8251579,94690773,107192.82294164668,76248
179,09-11-2020,61.60604193155598,2834095703.216191,1008234050.2629415,94691.6993846154,106500.8232,76248
180,08-11-2020,58.08879773854763,2700318519.9518385,1986564443.9060597,2573.185230769231,117454.8228,76248
181,07-11-2020,55.047087247336016,2533663934.1866765,836300637.2979566,94607.19733333333,117452.8228,76248
182,06-11-2020,40.11947601991671,1832296278.6079645,310405111.2246834,94581.12933333333,107618.8229875851,76248
183,05-11-2020,39.79981714840163,1829551591.0737665,384054845.23748344,94558.67307692308,107567.82211538462,76248
184,04-11-2020,40.428643253267104,1854227969.291114,190835885.15834433,94621409,107537.82277465917,76248
185,03-11-2020,42.1592767303133,1934339720.5650072,185502488.07324374,94571932,95758.82277465917,76248
186,02-11-2020,45.77441914209727,2094091269.6512442,201464640.3351746,94642.81984615384,95753.82230244685,76248
187,01-11-2020,43.91462178542838,2010774343.6830764,191693933.43910155,2571.781384615385,95740.82230244685,76248
188,31-10-2020,41.20045290006045,1886701837.0275633,267378288.64439633,94475.59007692308,97381.82150020056,79154
189,30-10-2020,40.55781331983191,1858464902.5732927,245888090.07367152,94534.37833333333,96606.82182985553,70876
190,29-10-2020,43.41652490476905,1986550335.276742,455722136.64011675,94490.62066666667,85308.82274919614,70876
191,28-10-2020,49.057050038043194,2240796668.939355,437327364.2583167,94384.25607692308,85258.8213998391,70876
192,19-10-2020,63.674572735809804,2769350324.7828245,163722758.50722066,94746.87933333333,40640.81214574899,70876
193,18-10-2020,63.419650712878344,2751552760.4965653,182343453.5309564,2506.6973333333335,39727.812728009725,70876
194,17-10-2020,61.62184192230963,2696287752.5974445,438137645.63000965,94561.21861538461,52510.8123226591,70876
195,16-10-2020,65.21627037867331,2842074431.893416,233511838.67634612,94681.48784615385,52516.81029590596,70876
196,15-10-2020,66.61768712966841,2892034104.683485,297332421.23760587,94713.76315384616,48663.810646078826,74012
197,14-10-2020,69.30950197674075,3010480616.921136,400830640.12261397,94719.00766666667,45466.81049206995,74012
198,13-10-2020,73.95760504631271,3131551041.254915,433640935.0074551,94778.71153846153,43833.810590631365,74012
199,12-10-2020,69.196508303149,2935991988.225984,208544131.10444236,94771.5,41529.81010594947,74012
200,11-10-2020,68.8365493509015,2926320420.9429975,291395806.4886354,2490.6293333333333,41274.81010594947,74012
201,10-10-2020,72.66885436109773,3094586190.406378,409965944.3358655,94655.75,46316.80799021606,74012
202,09-10-2020,67.66343392767288,2874140411.0555673,543047836.840624,94619.07084615385,45106.80637254902,74012
203,08-10-2020,65.63891782894828,2770370951.6092424,402039827.61986,94513.14466666667,43030.805147058825,74012
204,07-10-2020,62.67620774498665,2608696315.371721,347402275.3268811,94277591,43017.80220678382,74012
205,06-10-2020,76.18834741900358,3160904616.546306,237635945.288955,94118.74392307692,43006.802782324055,74012
206,05-10-2020,72.99018906505836,3027442201.5633073,206850393.92477313,93995.17433333333,42987.80483804838,74012
207,04-10-2020,73.88695633105282,3027341220.1785126,172589740.29182062,2475.1545454545453,42863.80483804838,74012
208,03-10-2020,76.0647057639634,3106747818.271016,411238659.6829608,93609.93966666667,51014.80483804838,74012
209,02-10-2020,82.77944481070699,3363203300.605672,254919526.53113773,93357159,50981.80262617973,74012
210,01-10-2020,83.77061660361063,3384494010.7967978,167420659.40595737,92863.10930769231,48279.80205338809,74012
211,30-09-2020,85.2620797012878,3410192998.4056487,198321610.01299396,92304.75,48243.802139037434,73092
212,29-09-2020,86.05413920475868,3367656168.38598,271037002.2455255,90337159,41781.801316330726,73092
213,28-09-2020,92.65853593286184,3633866879.042913,221198421.3012163,90344.08333333333,41758.801316330726,73092
214,27-09-2020,91.75817611120667,3555359134.5320625,257609150.25824413,2460.5833333333335,47389.801316330726,73092
215,26-09-2020,93.39308865544174,3577622593.724627,398579780.27628267,90255.42433333333,47384.801316330726,73092
216,25-09-2020,91.64603203570512,3480773567.7996454,486997385.8325674,90216.21861538461,37333.80131904369,73092
217,24-09-2020,82.77903421529236,3147447441.819809,425200767.73787236,90128.96153846153,37314.79513602638,73092
218,23-09-2020,85.40738318581853,3224232998.5941033,548265957.374385,90045.65384615384,37270.76283112583,73092
219,22-09-2020,80.38622076558356,3046947849.3342814,558503252.6009341,89983.30366666667,35931.76368159204,73092
220,21-09-2020,83.22815150659143,3119221285.0130014,269733356.57941425,89906205,35576.76307053942,73092
221,20-09-2020,87.487432600629,3281180628.9837065,317587928.4870262,2439.1896666666667,35392.76307053942,73092
222,19-09-2020,89.49999658240878,3348857132.781477,653915086.3084705,89725.19230769231,39832.76265560166,73092
223,18-09-2020,85.05962929972098,3127358012.8064256,634974731.6609386,89603091,37430.76162790698,73092
224,17-09-2020,74.43164253084885,2746376528.538024,723899767.0081724,89575205,33466.76480400334,73092
225,16-09-2020,85.63768737497499,3129958862.6519732,369088567.23677844,89453.75766666667,33437.763476807355,73092
226,15-09-2020,95.46409484159905,3474021730.420881,639485437.8135014,89414.24233333333,31853.763697197825,84125
227,14-09-2020,94.47691936545976,3300434592.135096,450445665.89065856,89370.09615384616,30187.765224695504,84125
228,13-09-2020,97.63700117224865,3426216901.063486,298647029.739952,2413.4230769230767,29588.764804703904,84125
229,12-09-2020,100.96357108867564,3548841902.41859,483982195.33429104,89143.59866666667,40308.7639647207,84125
230,11-09-2020,101.1202875933855,3477743089.976629,931757737.3253542,89001.16666666667,37753.764606977726,84125
231,10-09-2020,106.53066373700541,3559612748.941161,1353633326.9268036,88629.91666666667,36430.76611883692,84125
232,09-09-2020,72.40437688826454,2497423683.9068274,307353969.5444151,88294681,35674.766020236086,84125
233,08-09-2020,85.22082878366199,2905856646.5889344,468910176.8898468,87971.56476923077,31683.76381273724,84125
234,07-09-2020,90.57400083411189,3044059410.938652,543152175.271776,87936387,31674.764358108107,84125
235,06-09-2020,76.13585008336278,2558029164.7218604,755212844.353822,2366.313769230769,31656.764681030843,84125
236,05-09-2020,103.8757983134526,3490057546.3060503,523897673.5221936,87605.35323076924,51804.764904862575,84125
237,04-09-2020,102.93722024566704,3489052915.369616,796430316.1093457,87457.29453846153,50837.764904862575,84125
238,03-09-2020,122.39678674748622,4037091326.620573,677633051.7062768,87429181,50063.76470588235,84125
239,02-09-2020,126.19976980844494,4224158732.3375373,471250007.7598011,87144.63461538461,49856.763013118914,84125
240,01-09-2020,140.58033367311086,4609858297.243093,571068136.6493847,86931296,47311.76400679117,84125
241,31-08-2020,130.20276027990906,4239710258.6026664,648078934.7338716,87139318,46719.76390658174,85318
242,30-08-2020,116.57853887103775,3780514298.335879,426546186.6106479,2348773,46299.76565828717,95961
243,29-08-2020,117.72704138820141,3805015093.9359417,784768722.3376265,86831.59007692308,75358.76598465473,95961
244,28-08-2020,100.6234014685017,3240818566.7822294,630561659.4964213,86653166,73171.7665386257,95961
245,27-08-2020,104.03206066719174,3346129669.889701,647816787.38883,86461387,73112.76676633916,95961
246,26-08-2020,95.57720779031591,3033409623.008475,367322103.97114784,86419.75766666667,71067.76623931623,95961
247,25-08-2020,97.86548339034587,3078284747.778555,456647842.6149135,86302.35633333333,71041.76636713736,95961
248,24-08-2020,97.92337397911335,3082989121.469413,344225516.87108266,86480.25,69915.76626712328,95961
249,23-08-2020,88.84595204173888,2797594339.061835,298702113.9907612,2299.2236923076925,69912.76659528908,95961
250,22-08-2020,86.2416351383712,2721930374.4471498,353011285.4342278,86286.73466666667,90361.76659528908,95961
251,21-08-2020,94.17818413511631,2968806008.077528,399310597.59343284,86202.76923076923,81002.76695278971,95961
252,05-08-2020,55.76186211288571,1362779557.8348956,164140459.58696726,84211.01533333333,82592.76527472527,111447
253,04-08-2020,52.858677661247604,1288303806.2182913,169651906.47816032,84125.65992307692,69323.76662263321,111447
254,03-08-2020,51.2019096451167,1242852280.2801833,196429103.68113294,83979.78238461539,69311.76651982378,111447
255,02-08-2020,44.959254120964445,1102385292.9876685,139240734.36725822,2128.0833333333335,69298.76675485009,111447
256,01-08-2020,45.10469545354019,1105881208.8729513,149193023.15357864,83689.37246153847,79140.76499118166,111447
257,31-07-2020,49.465603600375786,1204606996.6114254,164400438.72605652,83434.92307692308,77783.76512141281,110379
258,30-07-2020,48.48943584622338,1176563995.6917632,325662558.7354494,83483772,75318.76545936396,132942
259,29-07-2020,52.316504689175964,1220812359.0389564,285886731.39264625,83373.78066666667,75289.76548672566,132942
260,28-07-2020,52.08257307408053,1206628768.0867677,1014679349.8388999,83849.67433333333,71623.76595744681,132942
261,27-07-2020,47.05797127325647,1053286302.7062625,292198109.3871358,83329636,71598.76847729296,132942
262,26-07-2020,36.85615379267049,824604321.5063635,290151245.87451017,2042.076923076923,68327.7688195991,132942
263,25-07-2020,29.352666271457984,655311587.6401806,59827303.343252525,82263.48076923077,68323.7688195991,132942
264,24-07-2020,31.08547117562422,695461906.4989504,89836878.80879128,82288591,39280.76827094474,132942
265,23-07-2020,30.758782591182605,685642235.3036658,158444090.5977114,82131477,39262.76895628903,132942
266,22-07-2020,28.722133832456446,613621229.8095753,126388505.20313352,81952.44230769231,39262.76909334524,132942
267,21-07-2020,25.721189701845358,554173442.8234475,89597850.42730536,80949432,39104.768200089326,132942
268,20-07-2020,27.182888170270672,578294289.4360516,65754479.38339645,79982.35633333333,37348.76775346137,132942
269,19-07-2020,28.50590211643593,607147011.6722519,86965752.52480464,2000.9807692307693,37328.768096514745,132942
270,18-07-2020,28.93337588139178,616416032.1592084,340395202.4928247,76738796,45505.768096514745,132942
271,17-07-2020,25.52786972132021,507491208.81324583,273131707.5823904,72661.36538461539,44576.769127516774,132942
272,16-07-2020,38.148785614709425,718479724.5047635,99144622.80675702,70878.23076923077,38189.768232662194,132942
273,15-07-2020,33.79302224668311,587749898.6748381,65810126.725389555,70843.17915384615,38170.767681289166,104192
274,14-07-2020,34.61173277964215,599829191.4096028,119360209.150331,70697364,36004.76905829596,104192
275,13-07-2020,29.994658047798,492186739.1756891,140901604.5727084,70337.0,37067.76954177898,104192
276,12-07-2020,27.16498482362235,449695057.1207311,51106022.862412095,1977864,37025.76954177898,104192
277,11-07-2020,26.932202498124788,445485106.79510105,55159863.887550294,67005.80366666667,56026.769438202246,104192
278,10-07-2020,25.055432060531885,413774865.70447767,77067019.53474921,66696.70546153847,49046.76933453238,104192
279,09-07-2020,23.35533347720448,385678069.0274357,66299016.28436528,66257.59007692308,46836.7700270027,104192
280,08-07-2020,22.18613853539313,366151259.3376933,50386812.00521384,65697.09007692308,45792.77072072072,104192
281,07-07-2020,20.835026551694245,343844782.69767964,34249949.35530128,61290.53846153846,45100.77106804867,104192
282,06-07-2020,20.39600234571113,336601723.5366503,112589125.14615458,61340341,43011.770063119926,104192
283,05-07-2020,23.008694495924505,379722315.18131316,49585441.64960205,1961.076923076923,43008.770758122744,104192
284,04-07-2020,22.604691347101184,373239558.0757868,33487496.892116316,61331.69733333334,54809.770758122744,104192
285,03-07-2020,22.80967359726225,376442486.9246522,52910901.37880977,61331.81133333334,54805.771106094806,104192
286,02-07-2020,24.5109297412972,404496978.8996299,54179940.64104052,61460.7753076923,52385.77169981917,104192
287,01-07-2020,25.271882256002076,416576739.6011234,123539537.4950099,61448.075666666664,49244.7725419121,104192
288,30-06-2020,25.140284276901873,414409688.18882394,64213956.93453894,61426.371666666666,48733.77349069451,124882
289,29-06-2020,23.592987882903277,388001811.3288654,101009958.93669748,60840.192307692305,48737.77373920945,124882
290,28-06-2020,21.07002085113245,347069081.5621406,50513333.39508662,1949583,48598.77373920945,124882
291,27-06-2020,21.878301840358233,356773721.1717891,49434276.91075795,60693.5,59195.77409090909,124882
292,26-06-2020,21.034316688540997,346542349.3392252,53252812.083508745,60690.651333333335,59172.77398817644,124882
293,25-06-2020,21.743531329752614,358828683.0503208,83499272.0350023,60684333,56897.77504553734,124882
294,24-06-2020,20.89175206048817,344293980.82178146,40898928.47502388,60671334,52305.775398633254,124882
295,23-06-2020,21.523882717565193,355089814.5318169,48978688.88331215,60652455,51974.776105791156,124882
296,22-06-2020,19.912663272228787,328141663.4013402,67705792.52398627,60477.846153846156,51065.77600364963,124882
297,21-06-2020,19.079584667693908,315934935.8699885,51657322.60979225,1941.3846153846155,69099.77600364963,124882
298,20-06-2020,20.307765030594002,332912381.393297,208828430.13418615,59852.686230769235,69100.77600364963,124882
299,19-06-2020,18.357396807239393,302748873.338051,40642253.42998636,58865.19733333334,68599.77635782748,124882
300,18-06-2020,17.240801339635432,282975771.0019525,20884301.1880552,56843.85533333333,56663.77696526508,124882
301,17-06-2020,17.35514325230968,282376731.6094826,20142957.774431847,52740.42307692308,56635.776406035664,124882
302,16-06-2020,16.90975187301582,276343326.6279761,31194046.72608006,52745.429153846155,56603.77564102564,124882
303,15-06-2020,17.37628500151588,284086440.725996,27139810.06042501,52680773,51683.77624942687,125337
304,14-06-2020,18.047143486122835,295122695.137089,22344771.625628546,1927.7884615384614,50564.77660550459,125337
305,13-06-2020,17.589044211749357,288201695.9345505,28522552.111770388,52778.44838461538,50545.776961909134,125337
306,12-06-2020,16.982172065873755,277342119.1997784,34573673.52528961,52831886,46986.777318640954,125337
307,11-06-2020,19.235748828146367,314997200.61509037,33884394.592731304,52857955,43361.77803308824,125337
308,10-06-2020,19.49090158761783,318994564.6359228,27795017.038862422,52868.1416923077,41431.777471264366,125337
309,09-06-2020,19.813292480186593,323833958.6842538,43040361.11358569,52893.390692307694,39258.777266451914,125337
310,08-06-2020,18.41276678119399,301384955.0198229,23132187.192790255,52957.06133333334,37862.777061262095,125337
311,07-06-2020,18.592723097551232,302637225.05852985,48902667.46821729,1920.4846666666667,37546.777061262095,125337
312,31-05-2020,17.550671706023184,287355655.53453755,73087078.93090467,1898.9243333333332,47135.77911832947,124242
313,30-05-2020,17.29958337223718,282430551.3127622,61454413.90268223,53154.45546153846,52957.778551532036,132466
314,29-05-2020,17.13134519093345,280452946.45066947,79481366.1900384,53182046,52936.77431363425,132466
315,28-05-2020,17.681434214684074,141454742.70826048,76503844.52356078,53161.689666666665,47245.77338296882,132466
316,27-05-2020,17.188467565151658,137909175.47675377,81076695.65226834,53235.29553846154,47228.773171867724,132466
317,26-05-2020,18.104250610481728,144407329.2931105,133893513.50311828,53184.53833333334,46770.771668219946,132466
318,25-05-2020,16.442590824562945,131608402.41855016,85176543.63377263,53136.37853846154,44874.77156177156,132466
319,24-05-2020,18.297087394366457,146412685.94482967,78953629.44129539,1889.0,44082.772429906545,132466
320,23-05-2020,18.500540382372527,148004323.05898023,103784872.0174454,53035728,61934.77279102385,132466
321,22-05-2020,18.099765720628668,145130243.65346217,83444214.94054972,52995083,59006.77330210773,132466
322,21-05-2020,17.36207569771313,138402160.59464064,69086581.561897,53298.26533333334,58444.7735583685,132466
323,20-05-2020,18.605829315447767,149552253.35185215,71079594.35735027,53409.61538461538,51640.77469426152,132466
324,19-05-2020,19.394788615744435,156111464.80567017,98238078.6462109,53370.666666666664,51628.77551984877,132466
325,18-05-2020,18.458919015723797,146788417.37171295,88421674.01067886,53444.083333333336,51626.77551984877,132466
326,17-05-2020,17.950415370894007,142413748.48818135,68531199.42362304,1848.0833333333333,51281.77772511848,132466
327,16-05-2020,16.675776412964673,132825230.55697536,55074897.841058336,53449.0,44386.779942965775,132466
328,15-05-2020,17.165845976777415,136625481.45020208,16407472.131256143,53549.307692307695,44367.7798383262,146569
329,14-05-2020,16.55835078315368,131940020.84873793,69957481.23951243,53647.60633333334,44359.777936281505,146569
330,13-05-2020,15.961345603657751,127690764.829262,65309016.09955979,53792091,44347.77698525915,146569
331,12-05-2020,15.354492278839851,124623728.13821945,63144457.67536765,53846.75,42948.77714285714,146569
332,11-05-2020,16.174780058639968,129105468.02091151,70781479.64223042,53919.75,40782.77502383222,146569
333,10-05-2020,17.967697646211512,143812448.05150145,63482853.64814558,1833.0076666666666,40772.77502383222,146569
334,09-05-2020,18.181111489113633,144129738.35320383,74454507.17383674,54070.15992307692,51588.774439675726,146569
335,08-05-2020,18.192079820592877,145635209.31544575,101142473.65746732,54101.70446153846,51576.77353081701,146569
336,07-05-2020,18.588824150781733,150357092.37001,81486566.08735022,54169.03846153846,51569.77458033573,146569
337,06-05-2020,19.420803214997253,155162522.66699016,86724487.21302265,54320.962666666666,50211.77462758289,146569
338,05-05-2020,20.059745884897403,159649843.26265952,103379545.81617545,54453.47033333334,47976.77248677249,146569
339,04-05-2020,20.53512573422209,164087616.14403537,100951272.3017489,54527.15992307692,47464.77424023155,146569
340,03-05-2020,21.30759251336299,169560539.9158132,103409139.85079746,1826.3906923076925,47465.774613899615,146569
341,02-05-2020,21.441939815392384,171542948.68556088,124835088.74210647,54507.403846153844,51909.77525374577,146569
342,01-05-2020,20.642291170165088,167839818.27812985,154364649.78931212,54442023,51902.7746615087,146569
343,30-04-2020,22.111892583552756,175943489.23986936,267440839.3363211,54415887,49513.77411536597,159007
344,29-04-2020,19.6866910792297,158220137.51562417,221212370.06764263,54485546,48868.77405247813,159007
345,28-04-2020,17.030709441741386,138133850.38353527,225771685.75351226,54368.94838461538,37605.77620672842,159007
346,27-04-2020,19.256031225667286,154616692.3098767,255602156.60397467,54477.429153846155,37083.777995110024,159007
347,26-04-2020,19.473536035488582,155694897.21189633,220437384.58320984,1820.4554615384613,36999.777995110024,159007
348,25-04-2020,18.740869855939046,151283337.61897224,269616040.91336834,54481.0,45787.77750611247,159007
349,24-04-2020,18.67783222869358,147503631.79905447,410382871.7617959,54527.17307692308,44417.77979401668,159007
350,23-04-2020,20.597983135930065,163799189.04038975,545764713.5952799,54542.679153846155,43869.77870461236,159007
351,22-04-2020,17.231778867011577,138168815.95572224,289113339.2231613,54514296,41667.77936117936,159007
352,21-04-2020,16.067780933991457,128752935.72323664,263311114.7914126,54548.410923076925,39203.77974434612,159007
353,20-04-2020,18.313546960398327,145580747.19602993,294165061.25296754,54554.96153846154,37604.77668470241,159007
354,19-04-2020,20.345045082302615,162979411.08907896,306520108.75744355,1816523,37599.77821586988,159007
355,18-04-2020,19.758326767396735,160733180.43117416,307353075.41557914,54620.73684615384,43787.77772301626,159007
356,17-04-2020,20.814995405707887,165519252.23755312,695490515.5195913,54626.42307692308,43764.777120315586,159007
357,16-04-2020,19.18410505210985,153884592.87124288,380887622.354797,54561.01215384615,41996.77717391304,159007
358,15-04-2020,20.023534617448558,159382951.53975785,526319297.6292243,54562.77630769231,38583.776348342406,0
359,14-04-2020,23.67846205801702,189694852.26608264,589295170.6890302,54424954,36416.776511397424,0
360,13-04-2020,26.315747101441243,218388463.05201873,1136180922.2552388,54099.666666666664,36106.776511397424,0
361,12-04-2020,23.573512608532905,185461348.26517192,1485788592.6646023,1793.3977692307692,36045.77689638076,0
362,11-04-2020,28.767436679389004,235150490.5073752,2783979602.398921,53806.163636363635,47881.77628968254,0
